fill	y	x	key	showSelectedlegendfill	showSelected1	showSelected2	PANEL
#000000	1	-3.26580581177453	finite	error	finite	-2.1	1
#000000	1	-3.22580581177453	finite	error	finite	-2.06	1
#000000	1	-3.18580581177453	finite	error	finite	-2.02	1
#000000	1	-3.14580581177453	finite	error	finite	-1.98	1
#000000	1	-3.10580581177453	finite	error	finite	-1.94	1
#000000	1	-3.06580581177453	finite	error	finite	-1.9	1
#000000	1	-3.02580581177453	finite	error	finite	-1.86	1
#000000	1	-2.99352325015284	infinite	error	infinite	-2.1	1
#000000	1	-2.98580581177453	finite	error	finite	-1.82	1
#000000	1	-2.95352325015284	infinite	error	infinite	-2.06	1
#000000	1	-2.94580581177453	finite	error	finite	-1.78	1
#000000	1	-2.91352325015284	infinite	error	infinite	-2.02	1
#000000	1	-2.90580581177453	finite	error	finite	-1.74	1
#000000	1	-2.87352325015284	infinite	error	infinite	-1.98	1
#000000	1	-2.86580581177453	finite	error	finite	-1.7	1
#000000	1	-2.83352325015284	infinite	error	infinite	-1.94	1
#000000	1	-2.82580581177453	finite	error	finite	-1.66	1
#000000	1	-2.79352325015284	infinite	error	infinite	-1.9	1
#000000	1	-2.78580581177453	finite	error	finite	-1.62	1
#000000	1	-2.75352325015284	infinite	error	infinite	-1.86	1
#000000	1	-2.74580581177453	finite	error	finite	-1.58	1
#000000	1	-2.71352325015284	infinite	error	infinite	-1.82	1
#000000	1	-2.70580581177453	finite	error	finite	-1.54	1
#000000	1	-2.67352325015284	infinite	error	infinite	-1.78	1
#000000	1	-2.66580581177453	finite	error	finite	-1.5	1
#000000	1	-2.63352325015284	infinite	error	infinite	-1.74	1
#000000	1	-2.62580581177453	finite	error	finite	-1.46	1
#000000	1	-2.59352325015284	infinite	error	infinite	-1.7	1
#000000	1	-2.58580581177453	finite	error	finite	-1.42	1
#000000	1	-2.55352325015284	infinite	error	infinite	-1.66	1
#000000	1	-2.54580581177453	finite	error	finite	-1.38	1
#000000	1	-2.51352325015284	infinite	error	infinite	-1.62	1
#000000	1	-2.50580581177453	finite	error	finite	-1.34	1
#000000	1	-2.47352325015284	infinite	error	infinite	-1.58	1
#000000	1	-2.46580581177453	finite	error	finite	-1.3	1
#000000	1	-2.43352325015284	infinite	error	infinite	-1.54	1
#000000	1	-2.42580581177453	finite	error	finite	-1.26	1
#000000	1	-2.39352325015284	infinite	error	infinite	-1.5	1
#000000	1	-2.38580581177453	finite	error	finite	-1.22	1
#000000	1	-2.35352325015284	infinite	error	infinite	-1.46	1
#000000	1	-2.34580581177453	finite	error	finite	-1.18	1
#000000	1	-2.31352325015284	infinite	error	infinite	-1.42	1
#000000	1	-2.30580581177453	finite	error	finite	-1.14	1
#000000	1	-2.27352325015284	infinite	error	infinite	-1.38	1
#000000	1	-2.26580581177453	finite	error	finite	-1.1	1
#000000	1	-2.23352325015284	infinite	error	infinite	-1.34	1
#000000	1	-2.22580581177453	finite	error	finite	-1.06	1
#000000	1	-2.19352325015284	infinite	error	infinite	-1.3	1
#000000	1	-2.18580581177453	finite	error	finite	-1.02	1
#000000	1	-2.15352325015284	infinite	error	infinite	-1.26	1
#000000	1	-2.14580581177453	finite	error	finite	-0.98	1
#000000	1	-2.11352325015284	infinite	error	infinite	-1.22	1
#000000	1	-2.10580581177453	finite	error	finite	-0.94	1
#000000	1	-2.07352325015284	infinite	error	infinite	-1.18	1
#000000	1	-2.06580581177453	finite	error	finite	-0.9	1
#000000	1	-2.03352325015284	infinite	error	infinite	-1.14	1
#000000	1	-2.02580581177453	finite	error	finite	-0.86	1
#000000	1	-1.99352325015284	infinite	error	infinite	-1.1	1
#000000	1	-1.98580581177453	finite	error	finite	-0.82	1
#000000	1	-1.95352325015284	infinite	error	infinite	-1.06	1
#000000	1	-1.94580581177453	finite	error	finite	-0.78	1
#000000	1	-1.91352325015284	infinite	error	infinite	-1.02	1
#000000	1	-1.90580581177453	finite	error	finite	-0.74	1
#000000	1	-1.87352325015284	infinite	error	infinite	-0.98	1
#000000	1	-1.86580581177453	finite	error	finite	-0.7	1
#000000	1	-1.83352325015284	infinite	error	infinite	-0.94	1
#000000	1	-1.82580581177453	finite	error	finite	-0.66	1
#000000	1	-1.79352325015284	infinite	error	infinite	-0.9	1
#000000	1	-1.78580581177453	finite	error	finite	-0.62	1
#000000	1	-1.75352325015284	infinite	error	infinite	-0.86	1
#000000	1	-1.74580581177453	finite	error	finite	-0.58	1
#000000	1	-1.71352325015284	infinite	error	infinite	-0.82	1
#000000	1	-1.70580581177453	finite	error	finite	-0.54	1
#000000	1	-1.67352325015284	infinite	error	infinite	-0.78	1
#000000	1	-1.66580581177453	finite	error	finite	-0.5	1
#000000	1	-1.63352325015284	infinite	error	infinite	-0.74	1
#000000	1	-1.62580581177453	finite	error	finite	-0.46	1
#000000	1	-1.59352325015284	infinite	error	infinite	-0.7	1
#000000	1	-1.58580581177453	finite	error	finite	-0.42	1
#000000	1	-1.55352325015284	infinite	error	infinite	-0.66	1
#000000	1	-1.54580581177453	finite	error	finite	-0.38	1
#000000	1	-1.51352325015284	infinite	error	infinite	-0.62	1
#000000	1	-1.50580581177453	finite	error	finite	-0.34	1
#000000	1	-1.47352325015284	infinite	error	infinite	-0.58	1
#000000	1	-1.46580581177453	finite	error	finite	-0.3	1
#000000	1	-1.43352325015284	infinite	error	infinite	-0.54	1
#000000	1	-1.42580581177453	finite	error	finite	-0.26	1
#000000	1	-1.39352325015284	infinite	error	infinite	-0.5	1
#000000	1	-1.38580581177453	finite	error	finite	-0.22	1
#000000	1	-1.35352325015284	infinite	error	infinite	-0.46	1
#000000	1	-1.34580581177453	finite	error	finite	-0.18	1
#000000	1	-1.31352325015284	infinite	error	infinite	-0.42	1
#000000	1	-1.30580581177453	finite	error	finite	-0.14	1
#000000	1	-1.27352325015284	infinite	error	infinite	-0.38	1
#000000	1	-1.26580581177453	finite	error	finite	-0.1	1
#FFFFFF	0	-1.23352325015284	infinite	correct	infinite	-0.34	1
#FFFFFF	0	-1.22580581177453	finite	correct	finite	-0.0600000000000001	1
#FFFFFF	0	-1.19352325015284	infinite	correct	infinite	-0.3	1
#FFFFFF	0	-1.18580581177453	finite	correct	finite	-0.02	1
#FFFFFF	0	-1.15352325015284	infinite	correct	infinite	-0.26	1
#FFFFFF	0	-1.14580581177453	finite	correct	finite	0.02	1
#FFFFFF	0	-1.11352325015284	infinite	correct	infinite	-0.22	1
#FFFFFF	0	-1.10580581177453	finite	correct	finite	0.0600000000000001	1
#FFFFFF	0	-1.07352325015284	infinite	correct	infinite	-0.18	1
#000000	1	-1.06580581177453	finite	error	finite	0.1	1
#000000	1	-1.03352325015284	infinite	error	infinite	-0.14	1
#000000	1	-1.02580581177453	finite	error	finite	0.14	1
#000000	1	-0.99352325015284	infinite	error	infinite	-0.1	1
#FFFFFF	0	-0.99352325015284	infinite	correct	infinite	-0.1	1
#FFFFFF	0	-0.985805811774526	finite	correct	finite	0.18	1
#FFFFFF	0	-0.95352325015284	infinite	correct	infinite	-0.0600000000000001	1
#FFFFFF	0	-0.945805811774527	finite	correct	finite	0.22	1
#FFFFFF	0	-0.91352325015284	infinite	correct	infinite	-0.02	1
#FFFFFF	0	-0.905805811774527	finite	correct	finite	0.26	1
#FFFFFF	0	-0.87352325015284	infinite	correct	infinite	0.02	1
#FFFFFF	0	-0.865805811774527	finite	correct	finite	0.3	1
#FFFFFF	0	-0.83352325015284	infinite	correct	infinite	0.0600000000000001	1
#FFFFFF	0	-0.825805811774526	finite	correct	finite	0.34	1
#FFFFFF	0	-0.79352325015284	infinite	correct	infinite	0.1	1
#FFFFFF	0	-0.785805811774526	finite	correct	finite	0.38	1
#FFFFFF	0	-0.75352325015284	infinite	correct	infinite	0.14	1
#FFFFFF	0	-0.745805811774526	finite	correct	finite	0.42	1
#FFFFFF	0	-0.71352325015284	infinite	correct	infinite	0.18	1
#FFFFFF	0	-0.705805811774526	finite	correct	finite	0.46	1
#FFFFFF	0	-0.67352325015284	infinite	correct	infinite	0.22	1
#FFFFFF	0	-0.665805811774526	finite	correct	finite	0.5	1
#FFFFFF	0	-0.63352325015284	infinite	correct	infinite	0.26	1
#FFFFFF	0	-0.625805811774526	finite	correct	finite	0.54	1
#FFFFFF	0	-0.59352325015284	infinite	correct	infinite	0.3	1
#FFFFFF	0	-0.585805811774526	finite	correct	finite	0.58	1
#FFFFFF	0	-0.55352325015284	infinite	correct	infinite	0.34	1
#FFFFFF	0	-0.545805811774526	finite	correct	finite	0.62	1
#FFFFFF	0	-0.51352325015284	infinite	correct	infinite	0.38	1
#FFFFFF	0	-0.505805811774526	finite	correct	finite	0.66	1
#FFFFFF	0	-0.47352325015284	infinite	correct	infinite	0.42	1
#FFFFFF	0	-0.465805811774526	finite	correct	finite	0.7	1
#FFFFFF	0	-0.43352325015284	infinite	correct	infinite	0.46	1
#FFFFFF	0	-0.425805811774526	finite	correct	finite	0.74	1
#FFFFFF	0	-0.39352325015284	infinite	correct	infinite	0.5	1
#FFFFFF	0	-0.385805811774526	finite	correct	finite	0.78	1
#FFFFFF	0	-0.35352325015284	infinite	correct	infinite	0.54	1
#FFFFFF	0	-0.345805811774526	finite	correct	finite	0.82	1
#FFFFFF	0	-0.31352325015284	infinite	correct	infinite	0.58	1
#FFFFFF	0	-0.305805811774526	finite	correct	finite	0.86	1
#FFFFFF	0	-0.27352325015284	infinite	correct	infinite	0.62	1
#FFFFFF	0	-0.265805811774526	finite	correct	finite	0.9	1
#FFFFFF	0	-0.23352325015284	infinite	correct	infinite	0.66	1
#FFFFFF	0	-0.225805811774526	finite	correct	finite	0.94	1
#FFFFFF	0	-0.19352325015284	infinite	correct	infinite	0.7	1
#FFFFFF	0	-0.185805811774526	finite	correct	finite	0.98	1
#FFFFFF	0	-0.15352325015284	infinite	correct	infinite	0.74	1
#FFFFFF	0	-0.145805811774526	finite	correct	finite	1.02	1
#FFFFFF	0	-0.11352325015284	infinite	correct	infinite	0.78	1
#FFFFFF	0	-0.105805811774526	finite	correct	finite	1.06	1
#FFFFFF	0	-0.07352325015284	infinite	correct	infinite	0.82	1
#FFFFFF	0	-0.0658058117745262	finite	correct	finite	1.1	1
#FFFFFF	0	-0.03352325015284	infinite	correct	infinite	0.86	1
#FFFFFF	0	-0.0258058117745261	finite	correct	finite	1.14	1
#FFFFFF	0	0.00647674984716007	infinite	correct	infinite	0.9	1
#FFFFFF	0	0.0141941882254739	finite	correct	finite	1.18	1
#FFFFFF	0	0.0464767498471601	infinite	correct	infinite	0.94	1
#FFFFFF	0	0.054194188225474	finite	correct	finite	1.22	1
#FFFFFF	0	0.0864767498471601	infinite	correct	infinite	0.98	1
#FFFFFF	0	0.0941941882254735	finite	correct	finite	1.26	1
#FFFFFF	0	0.12647674984716	infinite	correct	infinite	1.02	1
#FFFFFF	0	0.134194188225474	finite	correct	finite	1.3	1
#FFFFFF	0	0.16647674984716	infinite	correct	infinite	1.06	1
#FFFFFF	0	0.174194188225474	finite	correct	finite	1.34	1
#FFFFFF	0	0.20647674984716	infinite	correct	infinite	1.1	1
#FFFFFF	0	0.214194188225474	finite	correct	finite	1.38	1
#FFFFFF	0	0.24647674984716	infinite	correct	infinite	1.14	1
#FFFFFF	0	0.254194188225474	finite	correct	finite	1.42	1
#FFFFFF	0	0.28647674984716	infinite	correct	infinite	1.18	1
#FFFFFF	0	0.294194188225474	finite	correct	finite	1.46	1
#FFFFFF	0	0.32647674984716	infinite	correct	infinite	1.22	1
#FFFFFF	0	0.334194188225474	finite	correct	finite	1.5	1
#FFFFFF	0	0.36647674984716	infinite	correct	infinite	1.26	1
#FFFFFF	0	0.374194188225474	finite	correct	finite	1.54	1
#FFFFFF	0	0.40647674984716	infinite	correct	infinite	1.3	1
#FFFFFF	0	0.414194188225474	finite	correct	finite	1.58	1
#FFFFFF	0	0.44647674984716	infinite	correct	infinite	1.34	1
#FFFFFF	0	0.454194188225474	finite	correct	finite	1.62	1
#FFFFFF	0	0.48647674984716	infinite	correct	infinite	1.38	1
#FFFFFF	0	0.494194188225474	finite	correct	finite	1.66	1
#FFFFFF	0	0.52647674984716	infinite	correct	infinite	1.42	1
#FFFFFF	0	0.534194188225474	finite	correct	finite	1.7	1
#FFFFFF	0	0.56647674984716	infinite	correct	infinite	1.46	1
#FFFFFF	0	0.574194188225474	finite	correct	finite	1.74	1
#FFFFFF	0	0.60647674984716	infinite	correct	infinite	1.5	1
#FFFFFF	0	0.614194188225474	finite	correct	finite	1.78	1
#FFFFFF	0	0.64647674984716	infinite	correct	infinite	1.54	1
#FFFFFF	0	0.654194188225474	finite	correct	finite	1.82	1
#FFFFFF	0	0.68647674984716	infinite	correct	infinite	1.58	1
#FFFFFF	0	0.694194188225474	finite	correct	finite	1.86	1
#FFFFFF	0	0.72647674984716	infinite	correct	infinite	1.62	1
#FFFFFF	0	0.734194188225474	finite	correct	finite	1.9	1
#FFFFFF	0	0.76647674984716	infinite	correct	infinite	1.66	1
#FFFFFF	0	0.774194188225474	finite	correct	finite	1.94	1
#FFFFFF	0	0.80647674984716	infinite	correct	infinite	1.7	1
#FFFFFF	0	0.814194188225474	finite	correct	finite	1.98	1
#FFFFFF	0	0.84647674984716	infinite	correct	infinite	1.74	1
#FFFFFF	0	0.88647674984716	infinite	correct	infinite	1.78	1
#FFFFFF	0	0.92647674984716	infinite	correct	infinite	1.82	1
#FFFFFF	0	0.96647674984716	infinite	correct	infinite	1.86	1
#FFFFFF	0	1.00647674984716	infinite	correct	infinite	1.9	1
#FFFFFF	0	1.04647674984716	infinite	correct	infinite	1.94	1
#FFFFFF	0	1.08647674984716	infinite	correct	infinite	1.98	1
#000000	1	-5.03887596374943	finite	error	finite	-2.1	2
#000000	1	-4.99887596374943	finite	error	finite	-2.06	2
#000000	1	-4.95887596374943	finite	error	finite	-2.02	2
#000000	1	-4.91887596374943	finite	error	finite	-1.98	2
#000000	1	-4.87887596374943	finite	error	finite	-1.94	2
#000000	1	-4.83887596374943	finite	error	finite	-1.9	2
#000000	1	-4.79887596374943	finite	error	finite	-1.86	2
#000000	1	-4.75887596374943	finite	error	finite	-1.82	2
#000000	1	-4.71887596374943	finite	error	finite	-1.78	2
#000000	1	-4.70840601097615	infinite	error	infinite	-2.1	2
#000000	1	-4.67887596374943	finite	error	finite	-1.74	2
#000000	1	-4.66840601097615	infinite	error	infinite	-2.06	2
#000000	1	-4.63887596374943	finite	error	finite	-1.7	2
#000000	1	-4.62840601097615	infinite	error	infinite	-2.02	2
#000000	1	-4.59887596374943	finite	error	finite	-1.66	2
#000000	1	-4.58840601097615	infinite	error	infinite	-1.98	2
#000000	1	-4.55887596374943	finite	error	finite	-1.62	2
#000000	1	-4.54840601097615	infinite	error	infinite	-1.94	2
#000000	1	-4.51887596374943	finite	error	finite	-1.58	2
#000000	1	-4.50840601097615	infinite	error	infinite	-1.9	2
#000000	1	-4.47887596374943	finite	error	finite	-1.54	2
#000000	1	-4.46840601097615	infinite	error	infinite	-1.86	2
#000000	1	-4.43887596374943	finite	error	finite	-1.5	2
#000000	1	-4.42840601097615	infinite	error	infinite	-1.82	2
#000000	1	-4.39887596374943	finite	error	finite	-1.46	2
#000000	1	-4.38840601097615	infinite	error	infinite	-1.78	2
#000000	1	-4.35887596374943	finite	error	finite	-1.42	2
#000000	1	-4.34840601097615	infinite	error	infinite	-1.74	2
#000000	1	-4.31887596374943	finite	error	finite	-1.38	2
#000000	1	-4.30840601097615	infinite	error	infinite	-1.7	2
#000000	1	-4.27887596374943	finite	error	finite	-1.34	2
#000000	1	-4.26840601097615	infinite	error	infinite	-1.66	2
#000000	1	-4.23887596374943	finite	error	finite	-1.3	2
#000000	1	-4.22840601097615	infinite	error	infinite	-1.62	2
#000000	1	-4.19887596374943	finite	error	finite	-1.26	2
#000000	1	-4.18840601097615	infinite	error	infinite	-1.58	2
#000000	1	-4.15887596374943	finite	error	finite	-1.22	2
#000000	1	-4.14840601097615	infinite	error	infinite	-1.54	2
#000000	1	-4.11887596374943	finite	error	finite	-1.18	2
#000000	1	-4.10840601097615	infinite	error	infinite	-1.5	2
#000000	1	-4.07887596374943	finite	error	finite	-1.14	2
#000000	1	-4.06840601097615	infinite	error	infinite	-1.46	2
#000000	1	-4.03887596374943	finite	error	finite	-1.1	2
#000000	1	-4.02840601097615	infinite	error	infinite	-1.42	2
#000000	1	-3.99887596374943	finite	error	finite	-1.06	2
#000000	1	-3.98840601097615	infinite	error	infinite	-1.38	2
#000000	1	-3.95887596374943	finite	error	finite	-1.02	2
#000000	1	-3.94840601097615	infinite	error	infinite	-1.34	2
#000000	1	-3.91887596374943	finite	error	finite	-0.98	2
#000000	1	-3.90840601097615	infinite	error	infinite	-1.3	2
#000000	1	-3.87887596374943	finite	error	finite	-0.94	2
#000000	1	-3.86840601097615	infinite	error	infinite	-1.26	2
#000000	1	-3.83887596374943	finite	error	finite	-0.9	2
#000000	1	-3.82840601097615	infinite	error	infinite	-1.22	2
#000000	1	-3.79887596374943	finite	error	finite	-0.86	2
#000000	1	-3.78840601097615	infinite	error	infinite	-1.18	2
#000000	1	-3.75887596374943	finite	error	finite	-0.82	2
#000000	1	-3.74840601097615	infinite	error	infinite	-1.14	2
#000000	1	-3.71887596374943	finite	error	finite	-0.78	2
#000000	1	-3.70840601097615	infinite	error	infinite	-1.1	2
#000000	1	-3.67887596374943	finite	error	finite	-0.74	2
#000000	1	-3.66840601097615	infinite	error	infinite	-1.06	2
#000000	1	-3.63887596374943	finite	error	finite	-0.7	2
#000000	1	-3.62840601097615	infinite	error	infinite	-1.02	2
#000000	1	-3.59887596374943	finite	error	finite	-0.66	2
#000000	1	-3.58840601097615	infinite	error	infinite	-0.98	2
#000000	1	-3.55887596374943	finite	error	finite	-0.62	2
#000000	1	-3.54840601097615	infinite	error	infinite	-0.94	2
#000000	1	-3.51887596374943	finite	error	finite	-0.58	2
#000000	1	-3.50840601097615	infinite	error	infinite	-0.9	2
#000000	1	-3.47887596374943	finite	error	finite	-0.54	2
#000000	1	-3.46840601097615	infinite	error	infinite	-0.86	2
#000000	1	-3.43887596374943	finite	error	finite	-0.5	2
#000000	1	-3.42840601097615	infinite	error	infinite	-0.82	2
#000000	1	-3.39887596374943	finite	error	finite	-0.46	2
#000000	1	-3.38840601097615	infinite	error	infinite	-0.78	2
#000000	1	-3.35887596374943	finite	error	finite	-0.42	2
#000000	1	-3.34840601097615	infinite	error	infinite	-0.74	2
#000000	1	-3.31887596374943	finite	error	finite	-0.38	2
#000000	1	-3.30840601097615	infinite	error	infinite	-0.7	2
#000000	1	-3.27887596374943	finite	error	finite	-0.34	2
#000000	1	-3.26840601097615	infinite	error	infinite	-0.66	2
#000000	1	-3.23887596374943	finite	error	finite	-0.3	2
#000000	1	-3.22840601097615	infinite	error	infinite	-0.62	2
#000000	1	-3.19887596374943	finite	error	finite	-0.26	2
#000000	1	-3.18840601097615	infinite	error	infinite	-0.58	2
#000000	1	-3.15887596374943	finite	error	finite	-0.22	2
#000000	1	-3.14840601097615	infinite	error	infinite	-0.54	2
#000000	1	-3.11887596374943	finite	error	finite	-0.18	2
#000000	1	-3.10840601097615	infinite	error	infinite	-0.5	2
#000000	1	-3.07887596374943	finite	error	finite	-0.14	2
#000000	1	-3.06840601097615	infinite	error	infinite	-0.46	2
#000000	1	-3.03887596374943	finite	error	finite	-0.1	2
#000000	1	-3.02840601097615	infinite	error	infinite	-0.42	2
#FFFFFF	0	-2.99887596374943	finite	correct	finite	-0.0600000000000001	2
#FFFFFF	0	-2.98840601097615	infinite	correct	infinite	-0.38	2
#FFFFFF	0	-2.95887596374943	finite	correct	finite	-0.02	2
#FFFFFF	0	-2.94840601097615	infinite	correct	infinite	-0.34	2
#FFFFFF	0	-2.91887596374943	finite	correct	finite	0.02	2
#FFFFFF	0	-2.90840601097615	infinite	correct	infinite	-0.3	2
#FFFFFF	0	-2.87887596374943	finite	correct	finite	0.0600000000000001	2
#000000	1	-2.86840601097615	infinite	error	infinite	-0.26	2
#000000	1	-2.83887596374943	finite	error	finite	0.1	2
#000000	1	-2.82840601097615	infinite	error	infinite	-0.22	2
#000000	1	-2.79887596374943	finite	error	finite	0.14	2
#000000	1	-2.78840601097615	infinite	error	infinite	-0.18	2
#000000	1	-2.75887596374943	finite	error	finite	0.18	2
#000000	1	-2.74840601097615	infinite	error	infinite	-0.14	2
#000000	1	-2.71887596374943	finite	error	finite	0.22	2
#000000	1	-2.70840601097615	infinite	error	infinite	-0.1	2
#FFFFFF	0	-2.70840601097615	infinite	correct	infinite	-0.1	2
#FFFFFF	0	-2.67887596374943	finite	correct	finite	0.26	2
#FFFFFF	0	-2.66840601097615	infinite	correct	infinite	-0.0600000000000001	2
#FFFFFF	0	-2.63887596374943	finite	correct	finite	0.3	2
#FFFFFF	0	-2.62840601097615	infinite	correct	infinite	-0.02	2
#FFFFFF	0	-2.59887596374943	finite	correct	finite	0.34	2
#FFFFFF	0	-2.58840601097615	infinite	correct	infinite	0.02	2
#FFFFFF	0	-2.55887596374943	finite	correct	finite	0.38	2
#FFFFFF	0	-2.54840601097615	infinite	correct	infinite	0.0600000000000001	2
#FFFFFF	0	-2.51887596374943	finite	correct	finite	0.42	2
#FFFFFF	0	-2.50840601097615	infinite	correct	infinite	0.1	2
#FFFFFF	0	-2.47887596374943	finite	correct	finite	0.46	2
#FFFFFF	0	-2.46840601097615	infinite	correct	infinite	0.14	2
#FFFFFF	0	-2.43887596374943	finite	correct	finite	0.5	2
#FFFFFF	0	-2.42840601097615	infinite	correct	infinite	0.18	2
#FFFFFF	0	-2.39887596374943	finite	correct	finite	0.54	2
#FFFFFF	0	-2.38840601097615	infinite	correct	infinite	0.22	2
#FFFFFF	0	-2.35887596374943	finite	correct	finite	0.58	2
#FFFFFF	0	-2.34840601097615	infinite	correct	infinite	0.26	2
#FFFFFF	0	-2.31887596374943	finite	correct	finite	0.62	2
#FFFFFF	0	-2.30840601097615	infinite	correct	infinite	0.3	2
#FFFFFF	0	-2.27887596374943	finite	correct	finite	0.66	2
#FFFFFF	0	-2.26840601097615	infinite	correct	infinite	0.34	2
#FFFFFF	0	-2.23887596374943	finite	correct	finite	0.7	2
#FFFFFF	0	-2.22840601097615	infinite	correct	infinite	0.38	2
#FFFFFF	0	-2.19887596374943	finite	correct	finite	0.74	2
#FFFFFF	0	-2.18840601097615	infinite	correct	infinite	0.42	2
#FFFFFF	0	-2.15887596374943	finite	correct	finite	0.78	2
#FFFFFF	0	-2.14840601097615	infinite	correct	infinite	0.46	2
#FFFFFF	0	-2.11887596374943	finite	correct	finite	0.82	2
#FFFFFF	0	-2.10840601097615	infinite	correct	infinite	0.5	2
#FFFFFF	0	-2.07887596374943	finite	correct	finite	0.86	2
#FFFFFF	0	-2.06840601097615	infinite	correct	infinite	0.54	2
#FFFFFF	0	-2.03887596374943	finite	correct	finite	0.9	2
#FFFFFF	0	-2.02840601097615	infinite	correct	infinite	0.58	2
#FFFFFF	0	-1.99887596374943	finite	correct	finite	0.94	2
#FFFFFF	0	-1.98840601097615	infinite	correct	infinite	0.62	2
#FFFFFF	0	-1.95887596374943	finite	correct	finite	0.98	2
#FFFFFF	0	-1.94840601097615	infinite	correct	infinite	0.66	2
#FFFFFF	0	-1.91887596374943	finite	correct	finite	1.02	2
#FFFFFF	0	-1.90840601097615	infinite	correct	infinite	0.7	2
#FFFFFF	0	-1.87887596374943	finite	correct	finite	1.06	2
#FFFFFF	0	-1.86840601097615	infinite	correct	infinite	0.74	2
#FFFFFF	0	-1.83887596374943	finite	correct	finite	1.1	2
#FFFFFF	0	-1.82840601097615	infinite	correct	infinite	0.78	2
#FFFFFF	0	-1.79887596374943	finite	correct	finite	1.14	2
#FFFFFF	0	-1.78840601097615	infinite	correct	infinite	0.82	2
#FFFFFF	0	-1.75887596374943	finite	correct	finite	1.18	2
#FFFFFF	0	-1.74840601097615	infinite	correct	infinite	0.86	2
#FFFFFF	0	-1.71887596374943	finite	correct	finite	1.22	2
#FFFFFF	0	-1.70840601097615	infinite	correct	infinite	0.9	2
#FFFFFF	0	-1.67887596374943	finite	correct	finite	1.26	2
#FFFFFF	0	-1.66840601097615	infinite	correct	infinite	0.94	2
#FFFFFF	0	-1.63887596374943	finite	correct	finite	1.3	2
#FFFFFF	0	-1.62840601097615	infinite	correct	infinite	0.98	2
#FFFFFF	0	-1.59887596374943	finite	correct	finite	1.34	2
#FFFFFF	0	-1.58840601097615	infinite	correct	infinite	1.02	2
#FFFFFF	0	-1.55887596374943	finite	correct	finite	1.38	2
#FFFFFF	0	-1.54840601097615	infinite	correct	infinite	1.06	2
#FFFFFF	0	-1.51887596374943	finite	correct	finite	1.42	2
#FFFFFF	0	-1.50840601097615	infinite	correct	infinite	1.1	2
#FFFFFF	0	-1.47887596374943	finite	correct	finite	1.46	2
#FFFFFF	0	-1.46840601097615	infinite	correct	infinite	1.14	2
#FFFFFF	0	-1.43887596374943	finite	correct	finite	1.5	2
#FFFFFF	0	-1.42840601097615	infinite	correct	infinite	1.18	2
#FFFFFF	0	-1.39887596374943	finite	correct	finite	1.54	2
#FFFFFF	0	-1.38840601097615	infinite	correct	infinite	1.22	2
#FFFFFF	0	-1.35887596374943	finite	correct	finite	1.58	2
#FFFFFF	0	-1.34840601097615	infinite	correct	infinite	1.26	2
#FFFFFF	0	-1.31887596374943	finite	correct	finite	1.62	2
#FFFFFF	0	-1.30840601097615	infinite	correct	infinite	1.3	2
#FFFFFF	0	-1.27887596374943	finite	correct	finite	1.66	2
#FFFFFF	0	-1.26840601097615	infinite	correct	infinite	1.34	2
#FFFFFF	0	-1.23887596374943	finite	correct	finite	1.7	2
#FFFFFF	0	-1.22840601097615	infinite	correct	infinite	1.38	2
#FFFFFF	0	-1.19887596374943	finite	correct	finite	1.74	2
#FFFFFF	0	-1.18840601097615	infinite	correct	infinite	1.42	2
#FFFFFF	0	-1.15887596374943	finite	correct	finite	1.78	2
#FFFFFF	0	-1.14840601097615	infinite	correct	infinite	1.46	2
#FFFFFF	0	-1.11887596374943	finite	correct	finite	1.82	2
#FFFFFF	0	-1.10840601097615	infinite	correct	infinite	1.5	2
#FFFFFF	0	-1.07887596374943	finite	correct	finite	1.86	2
#FFFFFF	0	-1.06840601097615	infinite	correct	infinite	1.54	2
#FFFFFF	0	-1.03887596374943	finite	correct	finite	1.9	2
#FFFFFF	0	-1.02840601097615	infinite	correct	infinite	1.58	2
#FFFFFF	0	-0.998875963749427	finite	correct	finite	1.94	2
#FFFFFF	0	-0.988406010976153	infinite	correct	infinite	1.62	2
#FFFFFF	0	-0.958875963749426	finite	correct	finite	1.98	2
#FFFFFF	0	-0.948406010976153	infinite	correct	infinite	1.66	2
#FFFFFF	0	-0.908406010976153	infinite	correct	infinite	1.7	2
#FFFFFF	0	-0.868406010976153	infinite	correct	infinite	1.74	2
#FFFFFF	0	-0.828406010976153	infinite	correct	infinite	1.78	2
#FFFFFF	0	-0.788406010976153	infinite	correct	infinite	1.82	2
#FFFFFF	0	-0.748406010976153	infinite	correct	infinite	1.86	2
#FFFFFF	0	-0.708406010976153	infinite	correct	infinite	1.9	2
#FFFFFF	0	-0.668406010976153	infinite	correct	infinite	1.94	2
#FFFFFF	0	-0.628406010976153	infinite	correct	infinite	1.98	2
#000000	1	-5.54730962060694	finite	error	finite	-2.1	3
#000000	1	-5.50730962060694	finite	error	finite	-2.06	3
#000000	1	-5.46730962060694	finite	error	finite	-2.02	3
#000000	1	-5.42730962060694	finite	error	finite	-1.98	3
#000000	1	-5.38730962060694	finite	error	finite	-1.94	3
#000000	1	-5.34730962060694	finite	error	finite	-1.9	3
#000000	1	-5.30730962060694	finite	error	finite	-1.86	3
#000000	1	-5.26730962060694	finite	error	finite	-1.82	3
#000000	1	-5.22730962060694	finite	error	finite	-1.78	3
#000000	1	-5.18730962060694	finite	error	finite	-1.74	3
#000000	1	-5.14730962060694	finite	error	finite	-1.7	3
#000000	1	-5.10730962060694	finite	error	finite	-1.66	3
#000000	1	-5.06730962060694	finite	error	finite	-1.62	3
#000000	1	-5.02730962060694	finite	error	finite	-1.58	3
#000000	1	-4.98730962060694	finite	error	finite	-1.54	3
#000000	1	-4.94730962060694	finite	error	finite	-1.5	3
#000000	1	-4.90730962060694	finite	error	finite	-1.46	3
#000000	1	-4.86730962060694	finite	error	finite	-1.42	3
#000000	1	-4.82730962060694	finite	error	finite	-1.38	3
#000000	1	-4.78730962060694	finite	error	finite	-1.34	3
#000000	1	-4.74730962060694	finite	error	finite	-1.3	3
#000000	1	-4.70730962060694	finite	error	finite	-1.26	3
#000000	1	-4.66730962060694	finite	error	finite	-1.22	3
#000000	1	-4.62730962060694	finite	error	finite	-1.18	3
#000000	1	-4.58730962060694	finite	error	finite	-1.14	3
#000000	1	-4.54730962060694	finite	error	finite	-1.1	3
#000000	1	-4.50730962060694	finite	error	finite	-1.06	3
#000000	1	-4.46730962060694	finite	error	finite	-1.02	3
#000000	1	-4.42730962060694	finite	error	finite	-0.98	3
#000000	1	-4.38730962060694	finite	error	finite	-0.94	3
#000000	1	-4.34730962060694	finite	error	finite	-0.9	3
#000000	1	-4.30730962060694	finite	error	finite	-0.86	3
#000000	1	-4.26730962060694	finite	error	finite	-0.82	3
#000000	1	-4.22730962060694	finite	error	finite	-0.78	3
#000000	1	-4.18730962060694	finite	error	finite	-0.74	3
#000000	1	-4.14730962060694	finite	error	finite	-0.7	3
#000000	1	-4.10730962060694	finite	error	finite	-0.66	3
#000000	1	-4.06730962060694	finite	error	finite	-0.62	3
#000000	1	-4.02730962060694	finite	error	finite	-0.58	3
#000000	1	-3.98730962060694	finite	error	finite	-0.54	3
#000000	1	-3.94730962060694	finite	error	finite	-0.5	3
#000000	1	-3.90730962060694	finite	error	finite	-0.46	3
#000000	1	-3.86730962060694	finite	error	finite	-0.42	3
#000000	1	-3.82730962060694	finite	error	finite	-0.38	3
#000000	1	-3.78730962060694	finite	error	finite	-0.34	3
#000000	1	-3.74730962060694	finite	error	finite	-0.3	3
#000000	1	-3.70730962060694	finite	error	finite	-0.26	3
#000000	1	-3.66730962060694	finite	error	finite	-0.22	3
#000000	1	-3.62730962060694	finite	error	finite	-0.18	3
#000000	1	-3.60466149250489	infinite	error	infinite	-2.1	3
#000000	1	-3.58730962060694	finite	error	finite	-0.14	3
#000000	1	-3.56466149250489	infinite	error	infinite	-2.06	3
#000000	1	-3.54730962060694	finite	error	finite	-0.1	3
#000000	1	-3.52466149250489	infinite	error	infinite	-2.02	3
#FFFFFF	0	-3.50730962060694	finite	correct	finite	-0.0600000000000001	3
#FFFFFF	0	-3.48466149250489	infinite	correct	infinite	-1.98	3
#FFFFFF	0	-3.46730962060694	finite	correct	finite	-0.02	3
#FFFFFF	0	-3.44466149250489	infinite	correct	infinite	-1.94	3
#FFFFFF	0	-3.42730962060694	finite	correct	finite	0.02	3
#FFFFFF	0	-3.40466149250489	infinite	correct	infinite	-1.9	3
#FFFFFF	0	-3.38730962060694	finite	correct	finite	0.0600000000000001	3
#000000	1	-3.36466149250489	infinite	error	infinite	-1.86	3
#000000	1	-3.34730962060694	finite	error	finite	0.1	3
#000000	1	-3.32466149250489	infinite	error	infinite	-1.82	3
#000000	1	-3.30730962060694	finite	error	finite	0.14	3
#000000	1	-3.28466149250489	infinite	error	infinite	-1.78	3
#000000	1	-3.26730962060694	finite	error	finite	0.18	3
#000000	1	-3.24466149250489	infinite	error	infinite	-1.74	3
#000000	1	-3.22730962060694	finite	error	finite	0.22	3
#000000	1	-3.20466149250489	infinite	error	infinite	-1.7	3
#000000	1	-3.18730962060694	finite	error	finite	0.26	3
#000000	1	-3.16466149250489	infinite	error	infinite	-1.66	3
#000000	1	-3.14730962060694	finite	error	finite	0.3	3
#000000	1	-3.12466149250489	infinite	error	infinite	-1.62	3
#000000	1	-3.10730962060694	finite	error	finite	0.34	3
#000000	1	-3.08466149250489	infinite	error	infinite	-1.58	3
#000000	1	-3.06730962060694	finite	error	finite	0.38	3
#000000	1	-3.04466149250489	infinite	error	infinite	-1.54	3
#000000	1	-3.02730962060694	finite	error	finite	0.42	3
#000000	1	-3.00466149250489	infinite	error	infinite	-1.5	3
#000000	1	-2.98730962060694	finite	error	finite	0.46	3
#000000	1	-2.96466149250489	infinite	error	infinite	-1.46	3
#000000	1	-2.94730962060694	finite	error	finite	0.5	3
#000000	1	-2.92466149250489	infinite	error	infinite	-1.42	3
#000000	1	-2.90730962060694	finite	error	finite	0.54	3
#000000	1	-2.88466149250489	infinite	error	infinite	-1.38	3
#000000	1	-2.86730962060694	finite	error	finite	0.58	3
#000000	1	-2.84466149250489	infinite	error	infinite	-1.34	3
#000000	1	-2.82730962060694	finite	error	finite	0.62	3
#000000	1	-2.80466149250489	infinite	error	infinite	-1.3	3
#000000	1	-2.78730962060694	finite	error	finite	0.66	3
#000000	1	-2.76466149250489	infinite	error	infinite	-1.26	3
#000000	1	-2.74730962060694	finite	error	finite	0.7	3
#000000	1	-2.72466149250489	infinite	error	infinite	-1.22	3
#000000	1	-2.70730962060694	finite	error	finite	0.74	3
#000000	1	-2.68466149250489	infinite	error	infinite	-1.18	3
#000000	1	-2.66730962060694	finite	error	finite	0.78	3
#000000	1	-2.64466149250489	infinite	error	infinite	-1.14	3
#000000	1	-2.62730962060694	finite	error	finite	0.82	3
#000000	1	-2.60466149250489	infinite	error	infinite	-1.1	3
#000000	1	-2.58730962060694	finite	error	finite	0.86	3
#000000	1	-2.56466149250489	infinite	error	infinite	-1.06	3
#000000	1	-2.54730962060694	finite	error	finite	0.9	3
#000000	1	-2.52466149250489	infinite	error	infinite	-1.02	3
#000000	1	-2.50730962060694	finite	error	finite	0.94	3
#000000	1	-2.48466149250489	infinite	error	infinite	-0.98	3
#000000	1	-2.46730962060694	finite	error	finite	0.98	3
#000000	1	-2.44466149250489	infinite	error	infinite	-0.94	3
#000000	1	-2.42730962060694	finite	error	finite	1.02	3
#000000	1	-2.40466149250489	infinite	error	infinite	-0.9	3
#000000	1	-2.38730962060694	finite	error	finite	1.06	3
#000000	1	-2.36466149250489	infinite	error	infinite	-0.86	3
#000000	1	-2.34730962060694	finite	error	finite	1.1	3
#000000	1	-2.32466149250489	infinite	error	infinite	-0.82	3
#000000	1	-2.30730962060694	finite	error	finite	1.14	3
#000000	1	-2.28466149250489	infinite	error	infinite	-0.78	3
#000000	1	-2.26730962060694	finite	error	finite	1.18	3
#000000	1	-2.24466149250489	infinite	error	infinite	-0.74	3
#000000	1	-2.22730962060694	finite	error	finite	1.22	3
#000000	1	-2.20466149250489	infinite	error	infinite	-0.7	3
#000000	1	-2.18730962060694	finite	error	finite	1.26	3
#000000	1	-2.16466149250489	infinite	error	infinite	-0.66	3
#000000	1	-2.14730962060694	finite	error	finite	1.3	3
#000000	1	-2.12466149250489	infinite	error	infinite	-0.62	3
#000000	1	-2.10730962060694	finite	error	finite	1.34	3
#000000	1	-2.08466149250489	infinite	error	infinite	-0.58	3
#000000	1	-2.06730962060694	finite	error	finite	1.38	3
#000000	1	-2.04466149250489	infinite	error	infinite	-0.54	3
#000000	1	-2.02730962060694	finite	error	finite	1.42	3
#000000	1	-2.00466149250489	infinite	error	infinite	-0.5	3
#000000	1	-1.98730962060694	finite	error	finite	1.46	3
#000000	1	-1.96466149250489	infinite	error	infinite	-0.46	3
#000000	1	-1.94730962060694	finite	error	finite	1.5	3
#000000	1	-1.92466149250489	infinite	error	infinite	-0.42	3
#000000	1	-1.90730962060694	finite	error	finite	1.54	3
#000000	1	-1.88466149250489	infinite	error	infinite	-0.38	3
#000000	1	-1.86730962060694	finite	error	finite	1.58	3
#000000	1	-1.84466149250489	infinite	error	infinite	-0.34	3
#000000	1	-1.82730962060694	finite	error	finite	1.62	3
#000000	1	-1.80466149250489	infinite	error	infinite	-0.3	3
#000000	1	-1.78730962060694	finite	error	finite	1.66	3
#000000	1	-1.76466149250489	infinite	error	infinite	-0.26	3
#000000	1	-1.74730962060694	finite	error	finite	1.7	3
#000000	1	-1.72466149250489	infinite	error	infinite	-0.22	3
#000000	1	-1.70730962060694	finite	error	finite	1.74	3
#000000	1	-1.68466149250489	infinite	error	infinite	-0.18	3
#000000	1	-1.66730962060694	finite	error	finite	1.78	3
#000000	1	-1.64466149250489	infinite	error	infinite	-0.14	3
#000000	1	-1.62730962060694	finite	error	finite	1.82	3
#000000	1	-1.60466149250489	infinite	error	infinite	-0.1	3
#FFFFFF	0	-1.60466149250489	infinite	correct	infinite	-0.1	3
#FFFFFF	0	-1.58730962060694	finite	correct	finite	1.86	3
#FFFFFF	0	-1.56466149250489	infinite	correct	infinite	-0.0600000000000001	3
#FFFFFF	0	-1.54730962060694	finite	correct	finite	1.9	3
#FFFFFF	0	-1.52466149250489	infinite	correct	infinite	-0.02	3
#FFFFFF	0	-1.50730962060694	finite	correct	finite	1.94	3
#FFFFFF	0	-1.48466149250489	infinite	correct	infinite	0.02	3
#FFFFFF	0	-1.46730962060694	finite	correct	finite	1.98	3
#FFFFFF	0	-1.44466149250489	infinite	correct	infinite	0.0600000000000001	3
#FFFFFF	0	-1.40466149250489	infinite	correct	infinite	0.1	3
#FFFFFF	0	-1.36466149250489	infinite	correct	infinite	0.14	3
#FFFFFF	0	-1.32466149250489	infinite	correct	infinite	0.18	3
#FFFFFF	0	-1.28466149250489	infinite	correct	infinite	0.22	3
#FFFFFF	0	-1.24466149250489	infinite	correct	infinite	0.26	3
#FFFFFF	0	-1.20466149250489	infinite	correct	infinite	0.3	3
#FFFFFF	0	-1.16466149250489	infinite	correct	infinite	0.34	3
#FFFFFF	0	-1.12466149250489	infinite	correct	infinite	0.38	3
#FFFFFF	0	-1.08466149250489	infinite	correct	infinite	0.42	3
#FFFFFF	0	-1.04466149250489	infinite	correct	infinite	0.46	3
#FFFFFF	0	-1.00466149250489	infinite	correct	infinite	0.5	3
#FFFFFF	0	-0.964661492504887	infinite	correct	infinite	0.54	3
#FFFFFF	0	-0.924661492504887	infinite	correct	infinite	0.58	3
#FFFFFF	0	-0.884661492504887	infinite	correct	infinite	0.62	3
#FFFFFF	0	-0.844661492504887	infinite	correct	infinite	0.66	3
#FFFFFF	0	-0.804661492504887	infinite	correct	infinite	0.7	3
#FFFFFF	0	-0.764661492504887	infinite	correct	infinite	0.74	3
#FFFFFF	0	-0.724661492504887	infinite	correct	infinite	0.78	3
#FFFFFF	0	-0.684661492504887	infinite	correct	infinite	0.82	3
#FFFFFF	0	-0.644661492504887	infinite	correct	infinite	0.86	3
#FFFFFF	0	-0.604661492504887	infinite	correct	infinite	0.9	3
#FFFFFF	0	-0.564661492504887	infinite	correct	infinite	0.94	3
#FFFFFF	0	-0.524661492504887	infinite	correct	infinite	0.98	3
#FFFFFF	0	-0.484661492504887	infinite	correct	infinite	1.02	3
#FFFFFF	0	-0.444661492504887	infinite	correct	infinite	1.06	3
#FFFFFF	0	-0.404661492504887	infinite	correct	infinite	1.1	3
#FFFFFF	0	-0.364661492504887	infinite	correct	infinite	1.14	3
#FFFFFF	0	-0.324661492504887	infinite	correct	infinite	1.18	3
#FFFFFF	0	-0.284661492504887	infinite	correct	infinite	1.22	3
#FFFFFF	0	-0.244661492504887	infinite	correct	infinite	1.26	3
#FFFFFF	0	-0.204661492504887	infinite	correct	infinite	1.3	3
#FFFFFF	0	-0.164661492504887	infinite	correct	infinite	1.34	3
#FFFFFF	0	-0.124661492504887	infinite	correct	infinite	1.38	3
#FFFFFF	0	-0.0846614925048872	infinite	correct	infinite	1.42	3
#FFFFFF	0	-0.0446614925048872	infinite	correct	infinite	1.46	3
#FFFFFF	0	-0.00466149250488712	infinite	correct	infinite	1.5	3
#FFFFFF	0	0.0353385074951129	infinite	correct	infinite	1.54	3
#FFFFFF	0	0.075338507495113	infinite	correct	infinite	1.58	3
#FFFFFF	0	0.115338507495113	infinite	correct	infinite	1.62	3
#FFFFFF	0	0.155338507495113	infinite	correct	infinite	1.66	3
#FFFFFF	0	0.195338507495113	infinite	correct	infinite	1.7	3
#FFFFFF	0	0.235338507495113	infinite	correct	infinite	1.74	3
#FFFFFF	0	0.275338507495113	infinite	correct	infinite	1.78	3
#FFFFFF	0	0.315338507495113	infinite	correct	infinite	1.82	3
#FFFFFF	0	0.355338507495113	infinite	correct	infinite	1.86	3
#FFFFFF	0	0.395338507495113	infinite	correct	infinite	1.9	3
#FFFFFF	0	0.435338507495113	infinite	correct	infinite	1.94	3
#FFFFFF	0	0.475338507495113	infinite	correct	infinite	1.98	3
#000000	1	-5.96804172887952	finite	error	finite	-2.1	4
#000000	1	-5.92804172887952	finite	error	finite	-2.06	4
#000000	1	-5.88804172887952	finite	error	finite	-2.02	4
#000000	1	-5.84804172887952	finite	error	finite	-1.98	4
#000000	1	-5.80804172887952	finite	error	finite	-1.94	4
#000000	1	-5.76804172887952	finite	error	finite	-1.9	4
#000000	1	-5.72804172887952	finite	error	finite	-1.86	4
#000000	1	-5.68804172887952	finite	error	finite	-1.82	4
#000000	1	-5.64804172887952	finite	error	finite	-1.78	4
#000000	1	-5.60804172887952	finite	error	finite	-1.74	4
#000000	1	-5.56804172887952	finite	error	finite	-1.7	4
#000000	1	-5.53173472707878	infinite	error	infinite	-2.1	4
#000000	1	-5.52804172887952	finite	error	finite	-1.66	4
#000000	1	-5.49173472707878	infinite	error	infinite	-2.06	4
#000000	1	-5.48804172887952	finite	error	finite	-1.62	4
#000000	1	-5.45173472707878	infinite	error	infinite	-2.02	4
#000000	1	-5.44804172887952	finite	error	finite	-1.58	4
#000000	1	-5.41173472707878	infinite	error	infinite	-1.98	4
#000000	1	-5.40804172887952	finite	error	finite	-1.54	4
#000000	1	-5.37173472707878	infinite	error	infinite	-1.94	4
#000000	1	-5.36804172887952	finite	error	finite	-1.5	4
#000000	1	-5.33173472707878	infinite	error	infinite	-1.9	4
#000000	1	-5.32804172887952	finite	error	finite	-1.46	4
#000000	1	-5.29173472707878	infinite	error	infinite	-1.86	4
#000000	1	-5.28804172887952	finite	error	finite	-1.42	4
#000000	1	-5.25173472707878	infinite	error	infinite	-1.82	4
#000000	1	-5.24804172887952	finite	error	finite	-1.38	4
#000000	1	-5.21173472707878	infinite	error	infinite	-1.78	4
#000000	1	-5.20804172887952	finite	error	finite	-1.34	4
#000000	1	-5.17173472707878	infinite	error	infinite	-1.74	4
#000000	1	-5.16804172887952	finite	error	finite	-1.3	4
#000000	1	-5.13173472707878	infinite	error	infinite	-1.7	4
#000000	1	-5.12804172887952	finite	error	finite	-1.26	4
#000000	1	-5.09173472707878	infinite	error	infinite	-1.66	4
#000000	1	-5.08804172887952	finite	error	finite	-1.22	4
#000000	1	-5.05173472707878	infinite	error	infinite	-1.62	4
#000000	1	-5.04804172887952	finite	error	finite	-1.18	4
#000000	1	-5.01173472707878	infinite	error	infinite	-1.58	4
#000000	1	-5.00804172887952	finite	error	finite	-1.14	4
#000000	1	-4.97173472707878	infinite	error	infinite	-1.54	4
#000000	1	-4.96804172887952	finite	error	finite	-1.1	4
#000000	1	-4.93173472707878	infinite	error	infinite	-1.5	4
#000000	1	-4.92804172887952	finite	error	finite	-1.06	4
#000000	1	-4.89173472707878	infinite	error	infinite	-1.46	4
#000000	1	-4.88804172887952	finite	error	finite	-1.02	4
#000000	1	-4.85173472707878	infinite	error	infinite	-1.42	4
#000000	1	-4.84804172887952	finite	error	finite	-0.98	4
#000000	1	-4.81173472707878	infinite	error	infinite	-1.38	4
#000000	1	-4.80804172887952	finite	error	finite	-0.94	4
#000000	1	-4.77173472707878	infinite	error	infinite	-1.34	4
#000000	1	-4.76804172887952	finite	error	finite	-0.9	4
#000000	1	-4.73173472707878	infinite	error	infinite	-1.3	4
#000000	1	-4.72804172887952	finite	error	finite	-0.86	4
#000000	1	-4.69173472707878	infinite	error	infinite	-1.26	4
#000000	1	-4.68804172887952	finite	error	finite	-0.82	4
#000000	1	-4.65173472707878	infinite	error	infinite	-1.22	4
#000000	1	-4.64804172887952	finite	error	finite	-0.78	4
#000000	1	-4.61173472707878	infinite	error	infinite	-1.18	4
#000000	1	-4.60804172887952	finite	error	finite	-0.74	4
#000000	1	-4.57173472707878	infinite	error	infinite	-1.14	4
#000000	1	-4.56804172887952	finite	error	finite	-0.7	4
#000000	1	-4.53173472707878	infinite	error	infinite	-1.1	4
#000000	1	-4.52804172887952	finite	error	finite	-0.66	4
#000000	1	-4.49173472707878	infinite	error	infinite	-1.06	4
#000000	1	-4.48804172887952	finite	error	finite	-0.62	4
#000000	1	-4.45173472707878	infinite	error	infinite	-1.02	4
#000000	1	-4.44804172887952	finite	error	finite	-0.58	4
#000000	1	-4.41173472707878	infinite	error	infinite	-0.98	4
#000000	1	-4.40804172887952	finite	error	finite	-0.54	4
#000000	1	-4.37173472707878	infinite	error	infinite	-0.94	4
#000000	1	-4.36804172887952	finite	error	finite	-0.5	4
#000000	1	-4.33173472707878	infinite	error	infinite	-0.9	4
#000000	1	-4.32804172887952	finite	error	finite	-0.46	4
#000000	1	-4.29173472707878	infinite	error	infinite	-0.86	4
#000000	1	-4.28804172887952	finite	error	finite	-0.42	4
#000000	1	-4.25173472707878	infinite	error	infinite	-0.82	4
#000000	1	-4.24804172887952	finite	error	finite	-0.38	4
#000000	1	-4.21173472707878	infinite	error	infinite	-0.78	4
#000000	1	-4.20804172887952	finite	error	finite	-0.34	4
#000000	1	-4.17173472707878	infinite	error	infinite	-0.74	4
#000000	1	-4.16804172887952	finite	error	finite	-0.3	4
#000000	1	-4.13173472707878	infinite	error	infinite	-0.7	4
#000000	1	-4.12804172887952	finite	error	finite	-0.26	4
#000000	1	-4.09173472707878	infinite	error	infinite	-0.66	4
#000000	1	-4.08804172887952	finite	error	finite	-0.22	4
#000000	1	-4.05173472707878	infinite	error	infinite	-0.62	4
#000000	1	-4.04804172887952	finite	error	finite	-0.18	4
#FFFFFF	0	-4.01173472707878	infinite	correct	infinite	-0.58	4
#FFFFFF	0	-4.00804172887952	finite	correct	finite	-0.14	4
#FFFFFF	0	-3.97173472707878	infinite	correct	infinite	-0.54	4
#FFFFFF	0	-3.96804172887952	finite	correct	finite	-0.1	4
#FFFFFF	0	-3.93173472707878	infinite	correct	infinite	-0.5	4
#FFFFFF	0	-3.92804172887952	finite	correct	finite	-0.0600000000000001	4
#FFFFFF	0	-3.89173472707878	infinite	correct	infinite	-0.46	4
#FFFFFF	0	-3.88804172887952	finite	correct	finite	-0.02	4
#FFFFFF	0	-3.85173472707878	infinite	correct	infinite	-0.42	4
#FFFFFF	0	-3.84804172887952	finite	correct	finite	0.02	4
#FFFFFF	0	-3.81173472707878	infinite	correct	infinite	-0.38	4
#FFFFFF	0	-3.80804172887952	finite	correct	finite	0.0600000000000001	4
#FFFFFF	0	-3.77173472707878	infinite	correct	infinite	-0.34	4
#FFFFFF	0	-3.76804172887952	finite	correct	finite	0.1	4
#FFFFFF	0	-3.73173472707878	infinite	correct	infinite	-0.3	4
#FFFFFF	0	-3.72804172887952	finite	correct	finite	0.14	4
#000000	1	-3.69173472707878	infinite	error	infinite	-0.26	4
#000000	1	-3.68804172887952	finite	error	finite	0.18	4
#000000	1	-3.65173472707878	infinite	error	infinite	-0.22	4
#000000	1	-3.64804172887952	finite	error	finite	0.22	4
#000000	1	-3.61173472707878	infinite	error	infinite	-0.18	4
#000000	1	-3.60804172887952	finite	error	finite	0.26	4
#000000	1	-3.57173472707878	infinite	error	infinite	-0.14	4
#000000	1	-3.56804172887952	finite	error	finite	0.3	4
#000000	1	-3.53173472707878	infinite	error	infinite	-0.1	4
#FFFFFF	0	-3.53173472707878	infinite	correct	infinite	-0.1	4
#FFFFFF	0	-3.52804172887952	finite	correct	finite	0.34	4
#FFFFFF	0	-3.49173472707878	infinite	correct	infinite	-0.0600000000000001	4
#FFFFFF	0	-3.48804172887952	finite	correct	finite	0.38	4
#FFFFFF	0	-3.45173472707878	infinite	correct	infinite	-0.02	4
#FFFFFF	0	-3.44804172887952	finite	correct	finite	0.42	4
#FFFFFF	0	-3.41173472707878	infinite	correct	infinite	0.02	4
#FFFFFF	0	-3.40804172887952	finite	correct	finite	0.46	4
#FFFFFF	0	-3.37173472707878	infinite	correct	infinite	0.0600000000000001	4
#FFFFFF	0	-3.36804172887952	finite	correct	finite	0.5	4
#FFFFFF	0	-3.33173472707878	infinite	correct	infinite	0.1	4
#FFFFFF	0	-3.32804172887952	finite	correct	finite	0.54	4
#FFFFFF	0	-3.29173472707878	infinite	correct	infinite	0.14	4
#FFFFFF	0	-3.28804172887952	finite	correct	finite	0.58	4
#FFFFFF	0	-3.25173472707878	infinite	correct	infinite	0.18	4
#FFFFFF	0	-3.24804172887952	finite	correct	finite	0.62	4
#FFFFFF	0	-3.21173472707878	infinite	correct	infinite	0.22	4
#FFFFFF	0	-3.20804172887952	finite	correct	finite	0.66	4
#FFFFFF	0	-3.17173472707878	infinite	correct	infinite	0.26	4
#FFFFFF	0	-3.16804172887952	finite	correct	finite	0.7	4
#FFFFFF	0	-3.13173472707878	infinite	correct	infinite	0.3	4
#FFFFFF	0	-3.12804172887952	finite	correct	finite	0.74	4
#FFFFFF	0	-3.09173472707878	infinite	correct	infinite	0.34	4
#FFFFFF	0	-3.08804172887952	finite	correct	finite	0.78	4
#FFFFFF	0	-3.05173472707878	infinite	correct	infinite	0.38	4
#FFFFFF	0	-3.04804172887952	finite	correct	finite	0.82	4
#FFFFFF	0	-3.01173472707878	infinite	correct	infinite	0.42	4
#FFFFFF	0	-3.00804172887952	finite	correct	finite	0.86	4
#FFFFFF	0	-2.97173472707878	infinite	correct	infinite	0.46	4
#FFFFFF	0	-2.96804172887952	finite	correct	finite	0.9	4
#FFFFFF	0	-2.93173472707878	infinite	correct	infinite	0.5	4
#FFFFFF	0	-2.92804172887952	finite	correct	finite	0.94	4
#FFFFFF	0	-2.89173472707878	infinite	correct	infinite	0.54	4
#FFFFFF	0	-2.88804172887952	finite	correct	finite	0.98	4
#FFFFFF	0	-2.85173472707878	infinite	correct	infinite	0.58	4
#FFFFFF	0	-2.84804172887952	finite	correct	finite	1.02	4
#FFFFFF	0	-2.81173472707878	infinite	correct	infinite	0.62	4
#FFFFFF	0	-2.80804172887952	finite	correct	finite	1.06	4
#FFFFFF	0	-2.77173472707878	infinite	correct	infinite	0.66	4
#FFFFFF	0	-2.76804172887952	finite	correct	finite	1.1	4
#FFFFFF	0	-2.73173472707878	infinite	correct	infinite	0.7	4
#FFFFFF	0	-2.72804172887952	finite	correct	finite	1.14	4
#FFFFFF	0	-2.69173472707878	infinite	correct	infinite	0.74	4
#FFFFFF	0	-2.68804172887952	finite	correct	finite	1.18	4
#FFFFFF	0	-2.65173472707878	infinite	correct	infinite	0.78	4
#FFFFFF	0	-2.64804172887952	finite	correct	finite	1.22	4
#FFFFFF	0	-2.61173472707878	infinite	correct	infinite	0.82	4
#FFFFFF	0	-2.60804172887952	finite	correct	finite	1.26	4
#FFFFFF	0	-2.57173472707878	infinite	correct	infinite	0.86	4
#FFFFFF	0	-2.56804172887952	finite	correct	finite	1.3	4
#FFFFFF	0	-2.53173472707878	infinite	correct	infinite	0.9	4
#FFFFFF	0	-2.52804172887952	finite	correct	finite	1.34	4
#FFFFFF	0	-2.49173472707878	infinite	correct	infinite	0.94	4
#FFFFFF	0	-2.48804172887952	finite	correct	finite	1.38	4
#FFFFFF	0	-2.45173472707878	infinite	correct	infinite	0.98	4
#FFFFFF	0	-2.44804172887952	finite	correct	finite	1.42	4
#FFFFFF	0	-2.41173472707878	infinite	correct	infinite	1.02	4
#FFFFFF	0	-2.40804172887952	finite	correct	finite	1.46	4
#FFFFFF	0	-2.37173472707878	infinite	correct	infinite	1.06	4
#FFFFFF	0	-2.36804172887952	finite	correct	finite	1.5	4
#FFFFFF	0	-2.33173472707878	infinite	correct	infinite	1.1	4
#FFFFFF	0	-2.32804172887952	finite	correct	finite	1.54	4
#FFFFFF	0	-2.29173472707878	infinite	correct	infinite	1.14	4
#FFFFFF	0	-2.28804172887952	finite	correct	finite	1.58	4
#FFFFFF	0	-2.25173472707878	infinite	correct	infinite	1.18	4
#FFFFFF	0	-2.24804172887952	finite	correct	finite	1.62	4
#FFFFFF	0	-2.21173472707878	infinite	correct	infinite	1.22	4
#FFFFFF	0	-2.20804172887952	finite	correct	finite	1.66	4
#FFFFFF	0	-2.17173472707878	infinite	correct	infinite	1.26	4
#FFFFFF	0	-2.16804172887952	finite	correct	finite	1.7	4
#FFFFFF	0	-2.13173472707878	infinite	correct	infinite	1.3	4
#FFFFFF	0	-2.12804172887952	finite	correct	finite	1.74	4
#FFFFFF	0	-2.09173472707878	infinite	correct	infinite	1.34	4
#FFFFFF	0	-2.08804172887952	finite	correct	finite	1.78	4
#FFFFFF	0	-2.05173472707878	infinite	correct	infinite	1.38	4
#FFFFFF	0	-2.04804172887952	finite	correct	finite	1.82	4
#FFFFFF	0	-2.01173472707878	infinite	correct	infinite	1.42	4
#FFFFFF	0	-2.00804172887952	finite	correct	finite	1.86	4
#FFFFFF	0	-1.97173472707878	infinite	correct	infinite	1.46	4
#FFFFFF	0	-1.96804172887952	finite	correct	finite	1.9	4
#FFFFFF	0	-1.93173472707878	infinite	correct	infinite	1.5	4
#FFFFFF	0	-1.92804172887952	finite	correct	finite	1.94	4
#FFFFFF	0	-1.89173472707878	infinite	correct	infinite	1.54	4
#FFFFFF	0	-1.88804172887952	finite	correct	finite	1.98	4
#FFFFFF	0	-1.85173472707878	infinite	correct	infinite	1.58	4
#FFFFFF	0	-1.81173472707878	infinite	correct	infinite	1.62	4
#FFFFFF	0	-1.77173472707878	infinite	correct	infinite	1.66	4
#FFFFFF	0	-1.73173472707878	infinite	correct	infinite	1.7	4
#FFFFFF	0	-1.69173472707878	infinite	correct	infinite	1.74	4
#FFFFFF	0	-1.65173472707878	infinite	correct	infinite	1.78	4
#FFFFFF	0	-1.61173472707878	infinite	correct	infinite	1.82	4
#FFFFFF	0	-1.57173472707878	infinite	correct	infinite	1.86	4
#FFFFFF	0	-1.53173472707878	infinite	correct	infinite	1.9	4
#FFFFFF	0	-1.49173472707878	infinite	correct	infinite	1.94	4
#FFFFFF	0	-1.45173472707878	infinite	correct	infinite	1.98	4
#000000	1	-4.77301863440163	finite	error	finite	-2.1	5
#000000	1	-4.73301863440163	finite	error	finite	-2.06	5
#000000	1	-4.69301863440163	finite	error	finite	-2.02	5
#000000	1	-4.65301863440163	finite	error	finite	-1.98	5
#000000	1	-4.61301863440163	finite	error	finite	-1.94	5
#000000	1	-4.57301863440163	finite	error	finite	-1.9	5
#000000	1	-4.53301863440163	finite	error	finite	-1.86	5
#000000	1	-4.49301863440163	finite	error	finite	-1.82	5
#000000	1	-4.45301863440163	finite	error	finite	-1.78	5
#000000	1	-4.41301863440163	finite	error	finite	-1.74	5
#000000	1	-4.37301863440163	finite	error	finite	-1.7	5
#000000	1	-4.33301863440163	finite	error	finite	-1.66	5
#000000	1	-4.2936748271443	infinite	error	infinite	-2.1	5
#000000	1	-4.29301863440163	finite	error	finite	-1.62	5
#000000	1	-4.2536748271443	infinite	error	infinite	-2.06	5
#000000	1	-4.25301863440163	finite	error	finite	-1.58	5
#000000	1	-4.2136748271443	infinite	error	infinite	-2.02	5
#000000	1	-4.21301863440163	finite	error	finite	-1.54	5
#000000	1	-4.1736748271443	infinite	error	infinite	-1.98	5
#000000	1	-4.17301863440163	finite	error	finite	-1.5	5
#000000	1	-4.1336748271443	infinite	error	infinite	-1.94	5
#000000	1	-4.13301863440163	finite	error	finite	-1.46	5
#000000	1	-4.0936748271443	infinite	error	infinite	-1.9	5
#000000	1	-4.09301863440163	finite	error	finite	-1.42	5
#000000	1	-4.0536748271443	infinite	error	infinite	-1.86	5
#000000	1	-4.05301863440163	finite	error	finite	-1.38	5
#000000	1	-4.0136748271443	infinite	error	infinite	-1.82	5
#000000	1	-4.01301863440163	finite	error	finite	-1.34	5
#000000	1	-3.9736748271443	infinite	error	infinite	-1.78	5
#000000	1	-3.97301863440163	finite	error	finite	-1.3	5
#000000	1	-3.9336748271443	infinite	error	infinite	-1.74	5
#000000	1	-3.93301863440163	finite	error	finite	-1.26	5
#000000	1	-3.8936748271443	infinite	error	infinite	-1.7	5
#000000	1	-3.89301863440163	finite	error	finite	-1.22	5
#000000	1	-3.8536748271443	infinite	error	infinite	-1.66	5
#000000	1	-3.85301863440163	finite	error	finite	-1.18	5
#000000	1	-3.8136748271443	infinite	error	infinite	-1.62	5
#000000	1	-3.81301863440163	finite	error	finite	-1.14	5
#000000	1	-3.7736748271443	infinite	error	infinite	-1.58	5
#000000	1	-3.77301863440163	finite	error	finite	-1.1	5
#000000	1	-3.7336748271443	infinite	error	infinite	-1.54	5
#000000	1	-3.73301863440163	finite	error	finite	-1.06	5
#000000	1	-3.6936748271443	infinite	error	infinite	-1.5	5
#000000	1	-3.69301863440163	finite	error	finite	-1.02	5
#000000	1	-3.6536748271443	infinite	error	infinite	-1.46	5
#000000	1	-3.65301863440163	finite	error	finite	-0.98	5
#000000	1	-3.6136748271443	infinite	error	infinite	-1.42	5
#000000	1	-3.61301863440163	finite	error	finite	-0.94	5
#000000	1	-3.5736748271443	infinite	error	infinite	-1.38	5
#000000	1	-3.57301863440163	finite	error	finite	-0.9	5
#000000	1	-3.5336748271443	infinite	error	infinite	-1.34	5
#000000	1	-3.53301863440163	finite	error	finite	-0.86	5
#000000	1	-3.4936748271443	infinite	error	infinite	-1.3	5
#000000	1	-3.49301863440163	finite	error	finite	-0.82	5
#000000	1	-3.4536748271443	infinite	error	infinite	-1.26	5
#000000	1	-3.45301863440163	finite	error	finite	-0.78	5
#000000	1	-3.4136748271443	infinite	error	infinite	-1.22	5
#000000	1	-3.41301863440163	finite	error	finite	-0.74	5
#000000	1	-3.3736748271443	infinite	error	infinite	-1.18	5
#000000	1	-3.37301863440163	finite	error	finite	-0.7	5
#000000	1	-3.3336748271443	infinite	error	infinite	-1.14	5
#000000	1	-3.33301863440163	finite	error	finite	-0.66	5
#000000	1	-3.2936748271443	infinite	error	infinite	-1.1	5
#000000	1	-3.29301863440163	finite	error	finite	-0.62	5
#000000	1	-3.2536748271443	infinite	error	infinite	-1.06	5
#000000	1	-3.25301863440163	finite	error	finite	-0.58	5
#000000	1	-3.2136748271443	infinite	error	infinite	-1.02	5
#000000	1	-3.21301863440163	finite	error	finite	-0.54	5
#000000	1	-3.1736748271443	infinite	error	infinite	-0.98	5
#000000	1	-3.17301863440163	finite	error	finite	-0.5	5
#000000	1	-3.1336748271443	infinite	error	infinite	-0.94	5
#000000	1	-3.13301863440163	finite	error	finite	-0.46	5
#000000	1	-3.0936748271443	infinite	error	infinite	-0.9	5
#000000	1	-3.09301863440163	finite	error	finite	-0.42	5
#000000	1	-3.0536748271443	infinite	error	infinite	-0.86	5
#000000	1	-3.05301863440163	finite	error	finite	-0.38	5
#000000	1	-3.0136748271443	infinite	error	infinite	-0.82	5
#000000	1	-3.01301863440163	finite	error	finite	-0.34	5
#000000	1	-2.9736748271443	infinite	error	infinite	-0.78	5
#000000	1	-2.97301863440163	finite	error	finite	-0.3	5
#000000	1	-2.9336748271443	infinite	error	infinite	-0.74	5
#000000	1	-2.93301863440163	finite	error	finite	-0.26	5
#000000	1	-2.8936748271443	infinite	error	infinite	-0.7	5
#000000	1	-2.89301863440163	finite	error	finite	-0.22	5
#000000	1	-2.8536748271443	infinite	error	infinite	-0.66	5
#000000	1	-2.85301863440163	finite	error	finite	-0.18	5
#000000	1	-2.8136748271443	infinite	error	infinite	-0.62	5
#000000	1	-2.81301863440163	finite	error	finite	-0.14	5
#000000	1	-2.7736748271443	infinite	error	infinite	-0.58	5
#000000	1	-2.77301863440163	finite	error	finite	-0.1	5
#000000	1	-2.7336748271443	infinite	error	infinite	-0.54	5
#000000	1	-2.73301863440163	finite	error	finite	-0.0600000000000001	5
#FFFFFF	0	-2.6936748271443	infinite	correct	infinite	-0.5	5
#FFFFFF	0	-2.69301863440163	finite	correct	finite	-0.02	5
#FFFFFF	0	-2.6536748271443	infinite	correct	infinite	-0.46	5
#FFFFFF	0	-2.65301863440163	finite	correct	finite	0.02	5
#000000	1	-2.6136748271443	infinite	error	infinite	-0.42	5
#000000	1	-2.61301863440163	finite	error	finite	0.0600000000000001	5
#000000	1	-2.5736748271443	infinite	error	infinite	-0.38	5
#000000	1	-2.57301863440163	finite	error	finite	0.1	5
#000000	1	-2.5336748271443	infinite	error	infinite	-0.34	5
#000000	1	-2.53301863440163	finite	error	finite	0.14	5
#000000	1	-2.4936748271443	infinite	error	infinite	-0.3	5
#000000	1	-2.49301863440163	finite	error	finite	0.18	5
#000000	1	-2.4536748271443	infinite	error	infinite	-0.26	5
#000000	1	-2.45301863440163	finite	error	finite	0.22	5
#000000	1	-2.4136748271443	infinite	error	infinite	-0.22	5
#000000	1	-2.41301863440163	finite	error	finite	0.26	5
#000000	1	-2.3736748271443	infinite	error	infinite	-0.18	5
#000000	1	-2.37301863440163	finite	error	finite	0.3	5
#000000	1	-2.3336748271443	infinite	error	infinite	-0.14	5
#000000	1	-2.33301863440163	finite	error	finite	0.34	5
#000000	1	-2.2936748271443	infinite	error	infinite	-0.1	5
#FFFFFF	0	-2.2936748271443	infinite	correct	infinite	-0.1	5
#FFFFFF	0	-2.29301863440163	finite	correct	finite	0.38	5
#FFFFFF	0	-2.2536748271443	infinite	correct	infinite	-0.0600000000000001	5
#FFFFFF	0	-2.25301863440163	finite	correct	finite	0.42	5
#FFFFFF	0	-2.2136748271443	infinite	correct	infinite	-0.02	5
#FFFFFF	0	-2.21301863440163	finite	correct	finite	0.46	5
#FFFFFF	0	-2.1736748271443	infinite	correct	infinite	0.02	5
#FFFFFF	0	-2.17301863440163	finite	correct	finite	0.5	5
#FFFFFF	0	-2.1336748271443	infinite	correct	infinite	0.0600000000000001	5
#FFFFFF	0	-2.13301863440163	finite	correct	finite	0.54	5
#FFFFFF	0	-2.0936748271443	infinite	correct	infinite	0.1	5
#FFFFFF	0	-2.09301863440163	finite	correct	finite	0.58	5
#FFFFFF	0	-2.0536748271443	infinite	correct	infinite	0.14	5
#FFFFFF	0	-2.05301863440163	finite	correct	finite	0.62	5
#FFFFFF	0	-2.0136748271443	infinite	correct	infinite	0.18	5
#FFFFFF	0	-2.01301863440163	finite	correct	finite	0.66	5
#FFFFFF	0	-1.9736748271443	infinite	correct	infinite	0.22	5
#FFFFFF	0	-1.97301863440163	finite	correct	finite	0.7	5
#FFFFFF	0	-1.9336748271443	infinite	correct	infinite	0.26	5
#FFFFFF	0	-1.93301863440163	finite	correct	finite	0.74	5
#FFFFFF	0	-1.8936748271443	infinite	correct	infinite	0.3	5
#FFFFFF	0	-1.89301863440163	finite	correct	finite	0.78	5
#FFFFFF	0	-1.8536748271443	infinite	correct	infinite	0.34	5
#FFFFFF	0	-1.85301863440163	finite	correct	finite	0.82	5
#FFFFFF	0	-1.8136748271443	infinite	correct	infinite	0.38	5
#FFFFFF	0	-1.81301863440163	finite	correct	finite	0.86	5
#FFFFFF	0	-1.7736748271443	infinite	correct	infinite	0.42	5
#FFFFFF	0	-1.77301863440163	finite	correct	finite	0.9	5
#FFFFFF	0	-1.7336748271443	infinite	correct	infinite	0.46	5
#FFFFFF	0	-1.73301863440163	finite	correct	finite	0.94	5
#FFFFFF	0	-1.6936748271443	infinite	correct	infinite	0.5	5
#FFFFFF	0	-1.69301863440163	finite	correct	finite	0.98	5
#FFFFFF	0	-1.6536748271443	infinite	correct	infinite	0.54	5
#FFFFFF	0	-1.65301863440163	finite	correct	finite	1.02	5
#FFFFFF	0	-1.6136748271443	infinite	correct	infinite	0.58	5
#FFFFFF	0	-1.61301863440163	finite	correct	finite	1.06	5
#FFFFFF	0	-1.5736748271443	infinite	correct	infinite	0.62	5
#FFFFFF	0	-1.57301863440163	finite	correct	finite	1.1	5
#FFFFFF	0	-1.5336748271443	infinite	correct	infinite	0.66	5
#FFFFFF	0	-1.53301863440163	finite	correct	finite	1.14	5
#FFFFFF	0	-1.4936748271443	infinite	correct	infinite	0.7	5
#FFFFFF	0	-1.49301863440163	finite	correct	finite	1.18	5
#FFFFFF	0	-1.4536748271443	infinite	correct	infinite	0.74	5
#FFFFFF	0	-1.45301863440163	finite	correct	finite	1.22	5
#FFFFFF	0	-1.4136748271443	infinite	correct	infinite	0.78	5
#FFFFFF	0	-1.41301863440163	finite	correct	finite	1.26	5
#FFFFFF	0	-1.3736748271443	infinite	correct	infinite	0.82	5
#FFFFFF	0	-1.37301863440163	finite	correct	finite	1.3	5
#FFFFFF	0	-1.3336748271443	infinite	correct	infinite	0.86	5
#FFFFFF	0	-1.33301863440163	finite	correct	finite	1.34	5
#FFFFFF	0	-1.2936748271443	infinite	correct	infinite	0.9	5
#FFFFFF	0	-1.29301863440163	finite	correct	finite	1.38	5
#FFFFFF	0	-1.2536748271443	infinite	correct	infinite	0.94	5
#FFFFFF	0	-1.25301863440163	finite	correct	finite	1.42	5
#FFFFFF	0	-1.2136748271443	infinite	correct	infinite	0.98	5
#FFFFFF	0	-1.21301863440163	finite	correct	finite	1.46	5
#FFFFFF	0	-1.1736748271443	infinite	correct	infinite	1.02	5
#FFFFFF	0	-1.17301863440163	finite	correct	finite	1.5	5
#FFFFFF	0	-1.1336748271443	infinite	correct	infinite	1.06	5
#FFFFFF	0	-1.13301863440163	finite	correct	finite	1.54	5
#FFFFFF	0	-1.0936748271443	infinite	correct	infinite	1.1	5
#FFFFFF	0	-1.09301863440163	finite	correct	finite	1.58	5
#FFFFFF	0	-1.0536748271443	infinite	correct	infinite	1.14	5
#FFFFFF	0	-1.05301863440163	finite	correct	finite	1.62	5
#FFFFFF	0	-1.0136748271443	infinite	correct	infinite	1.18	5
#FFFFFF	0	-1.01301863440163	finite	correct	finite	1.66	5
#FFFFFF	0	-0.973674827144302	infinite	correct	infinite	1.22	5
#FFFFFF	0	-0.97301863440163	finite	correct	finite	1.7	5
#FFFFFF	0	-0.933674827144303	infinite	correct	infinite	1.26	5
#FFFFFF	0	-0.93301863440163	finite	correct	finite	1.74	5
#FFFFFF	0	-0.893674827144303	infinite	correct	infinite	1.3	5
#FFFFFF	0	-0.89301863440163	finite	correct	finite	1.78	5
#FFFFFF	0	-0.853674827144303	infinite	correct	infinite	1.34	5
#FFFFFF	0	-0.85301863440163	finite	correct	finite	1.82	5
#FFFFFF	0	-0.813674827144303	infinite	correct	infinite	1.38	5
#FFFFFF	0	-0.81301863440163	finite	correct	finite	1.86	5
#FFFFFF	0	-0.773674827144303	infinite	correct	infinite	1.42	5
#FFFFFF	0	-0.77301863440163	finite	correct	finite	1.9	5
#FFFFFF	0	-0.733674827144303	infinite	correct	infinite	1.46	5
#FFFFFF	0	-0.73301863440163	finite	correct	finite	1.94	5
#FFFFFF	0	-0.693674827144303	infinite	correct	infinite	1.5	5
#FFFFFF	0	-0.69301863440163	finite	correct	finite	1.98	5
#FFFFFF	0	-0.653674827144303	infinite	correct	infinite	1.54	5
#FFFFFF	0	-0.613674827144302	infinite	correct	infinite	1.58	5
#FFFFFF	0	-0.573674827144302	infinite	correct	infinite	1.62	5
#FFFFFF	0	-0.533674827144302	infinite	correct	infinite	1.66	5
#FFFFFF	0	-0.493674827144302	infinite	correct	infinite	1.7	5
#FFFFFF	0	-0.453674827144303	infinite	correct	infinite	1.74	5
#FFFFFF	0	-0.413674827144303	infinite	correct	infinite	1.78	5
#FFFFFF	0	-0.373674827144303	infinite	correct	infinite	1.82	5
#FFFFFF	0	-0.333674827144303	infinite	correct	infinite	1.86	5
#FFFFFF	0	-0.293674827144303	infinite	correct	infinite	1.9	5
#FFFFFF	0	-0.253674827144303	infinite	correct	infinite	1.94	5
#FFFFFF	0	-0.213674827144303	infinite	correct	infinite	1.98	5
#000000	1	-3.96747180543265	finite	error	finite	-2.1	6
#000000	1	-3.92747180543265	finite	error	finite	-2.06	6
#000000	1	-3.88747180543265	finite	error	finite	-2.02	6
#000000	1	-3.84747180543265	finite	error	finite	-1.98	6
#000000	1	-3.80747180543265	finite	error	finite	-1.94	6
#000000	1	-3.76747180543265	finite	error	finite	-1.9	6
#000000	1	-3.73504356763289	infinite	error	infinite	-2.1	6
#000000	1	-3.72747180543265	finite	error	finite	-1.86	6
#000000	1	-3.69504356763289	infinite	error	infinite	-2.06	6
#000000	1	-3.68747180543265	finite	error	finite	-1.82	6
#000000	1	-3.65504356763289	infinite	error	infinite	-2.02	6
#000000	1	-3.64747180543265	finite	error	finite	-1.78	6
#000000	1	-3.61504356763289	infinite	error	infinite	-1.98	6
#000000	1	-3.60747180543265	finite	error	finite	-1.74	6
#000000	1	-3.57504356763289	infinite	error	infinite	-1.94	6
#000000	1	-3.56747180543265	finite	error	finite	-1.7	6
#000000	1	-3.53504356763289	infinite	error	infinite	-1.9	6
#000000	1	-3.52747180543265	finite	error	finite	-1.66	6
#000000	1	-3.49504356763289	infinite	error	infinite	-1.86	6
#000000	1	-3.48747180543265	finite	error	finite	-1.62	6
#000000	1	-3.45504356763289	infinite	error	infinite	-1.82	6
#000000	1	-3.44747180543265	finite	error	finite	-1.58	6
#000000	1	-3.41504356763289	infinite	error	infinite	-1.78	6
#000000	1	-3.40747180543265	finite	error	finite	-1.54	6
#000000	1	-3.37504356763289	infinite	error	infinite	-1.74	6
#000000	1	-3.36747180543265	finite	error	finite	-1.5	6
#000000	1	-3.33504356763289	infinite	error	infinite	-1.7	6
#000000	1	-3.32747180543265	finite	error	finite	-1.46	6
#000000	1	-3.29504356763289	infinite	error	infinite	-1.66	6
#000000	1	-3.28747180543265	finite	error	finite	-1.42	6
#000000	1	-3.25504356763289	infinite	error	infinite	-1.62	6
#000000	1	-3.24747180543265	finite	error	finite	-1.38	6
#000000	1	-3.21504356763289	infinite	error	infinite	-1.58	6
#000000	1	-3.20747180543265	finite	error	finite	-1.34	6
#000000	1	-3.17504356763289	infinite	error	infinite	-1.54	6
#000000	1	-3.16747180543265	finite	error	finite	-1.3	6
#000000	1	-3.13504356763289	infinite	error	infinite	-1.5	6
#000000	1	-3.12747180543265	finite	error	finite	-1.26	6
#000000	1	-3.09504356763289	infinite	error	infinite	-1.46	6
#000000	1	-3.08747180543265	finite	error	finite	-1.22	6
#000000	1	-3.05504356763289	infinite	error	infinite	-1.42	6
#000000	1	-3.04747180543265	finite	error	finite	-1.18	6
#000000	1	-3.01504356763289	infinite	error	infinite	-1.38	6
#000000	1	-3.00747180543265	finite	error	finite	-1.14	6
#000000	1	-2.97504356763289	infinite	error	infinite	-1.34	6
#000000	1	-2.96747180543265	finite	error	finite	-1.1	6
#000000	1	-2.93504356763289	infinite	error	infinite	-1.3	6
#000000	1	-2.92747180543265	finite	error	finite	-1.06	6
#000000	1	-2.89504356763289	infinite	error	infinite	-1.26	6
#000000	1	-2.88747180543265	finite	error	finite	-1.02	6
#000000	1	-2.85504356763289	infinite	error	infinite	-1.22	6
#000000	1	-2.84747180543265	finite	error	finite	-0.98	6
#000000	1	-2.81504356763289	infinite	error	infinite	-1.18	6
#000000	1	-2.80747180543265	finite	error	finite	-0.94	6
#000000	1	-2.77504356763289	infinite	error	infinite	-1.14	6
#000000	1	-2.76747180543265	finite	error	finite	-0.9	6
#000000	1	-2.73504356763289	infinite	error	infinite	-1.1	6
#000000	1	-2.72747180543265	finite	error	finite	-0.86	6
#000000	1	-2.69504356763289	infinite	error	infinite	-1.06	6
#000000	1	-2.68747180543265	finite	error	finite	-0.82	6
#000000	1	-2.65504356763289	infinite	error	infinite	-1.02	6
#000000	1	-2.64747180543265	finite	error	finite	-0.78	6
#000000	1	-2.61504356763289	infinite	error	infinite	-0.98	6
#000000	1	-2.60747180543265	finite	error	finite	-0.74	6
#000000	1	-2.57504356763289	infinite	error	infinite	-0.94	6
#000000	1	-2.56747180543265	finite	error	finite	-0.7	6
#000000	1	-2.53504356763289	infinite	error	infinite	-0.9	6
#000000	1	-2.52747180543265	finite	error	finite	-0.66	6
#000000	1	-2.49504356763289	infinite	error	infinite	-0.86	6
#000000	1	-2.48747180543265	finite	error	finite	-0.62	6
#000000	1	-2.45504356763289	infinite	error	infinite	-0.82	6
#000000	1	-2.44747180543265	finite	error	finite	-0.58	6
#000000	1	-2.41504356763289	infinite	error	infinite	-0.78	6
#000000	1	-2.40747180543265	finite	error	finite	-0.54	6
#000000	1	-2.37504356763289	infinite	error	infinite	-0.74	6
#000000	1	-2.36747180543265	finite	error	finite	-0.5	6
#000000	1	-2.33504356763289	infinite	error	infinite	-0.7	6
#000000	1	-2.32747180543265	finite	error	finite	-0.46	6
#000000	1	-2.29504356763289	infinite	error	infinite	-0.66	6
#000000	1	-2.28747180543265	finite	error	finite	-0.42	6
#000000	1	-2.25504356763289	infinite	error	infinite	-0.62	6
#000000	1	-2.24747180543265	finite	error	finite	-0.38	6
#000000	1	-2.21504356763289	infinite	error	infinite	-0.58	6
#000000	1	-2.20747180543265	finite	error	finite	-0.34	6
#000000	1	-2.17504356763289	infinite	error	infinite	-0.54	6
#000000	1	-2.16747180543265	finite	error	finite	-0.3	6
#000000	1	-2.13504356763289	infinite	error	infinite	-0.5	6
#000000	1	-2.12747180543265	finite	error	finite	-0.26	6
#000000	1	-2.09504356763289	infinite	error	infinite	-0.46	6
#000000	1	-2.08747180543265	finite	error	finite	-0.22	6
#000000	1	-2.05504356763289	infinite	error	infinite	-0.42	6
#000000	1	-2.04747180543265	finite	error	finite	-0.18	6
#000000	1	-2.01504356763289	infinite	error	infinite	-0.38	6
#000000	1	-2.00747180543265	finite	error	finite	-0.14	6
#000000	1	-1.97504356763289	infinite	error	infinite	-0.34	6
#000000	1	-1.96747180543265	finite	error	finite	-0.1	6
#000000	1	-1.93504356763289	infinite	error	infinite	-0.3	6
#000000	1	-1.92747180543265	finite	error	finite	-0.0600000000000001	6
#FFFFFF	0	-1.89504356763289	infinite	correct	infinite	-0.26	6
#FFFFFF	0	-1.88747180543265	finite	correct	finite	-0.02	6
#FFFFFF	0	-1.85504356763289	infinite	correct	infinite	-0.22	6
#FFFFFF	0	-1.84747180543265	finite	correct	finite	0.02	6
#000000	1	-1.81504356763289	infinite	error	infinite	-0.18	6
#000000	1	-1.80747180543265	finite	error	finite	0.0600000000000001	6
#000000	1	-1.77504356763289	infinite	error	infinite	-0.14	6
#000000	1	-1.76747180543265	finite	error	finite	0.1	6
#000000	1	-1.73504356763289	infinite	error	infinite	-0.1	6
#FFFFFF	0	-1.73504356763289	infinite	correct	infinite	-0.1	6
#FFFFFF	0	-1.72747180543265	finite	correct	finite	0.14	6
#FFFFFF	0	-1.69504356763289	infinite	correct	infinite	-0.0600000000000001	6
#FFFFFF	0	-1.68747180543265	finite	correct	finite	0.18	6
#FFFFFF	0	-1.65504356763289	infinite	correct	infinite	-0.02	6
#FFFFFF	0	-1.64747180543265	finite	correct	finite	0.22	6
#FFFFFF	0	-1.61504356763289	infinite	correct	infinite	0.02	6
#FFFFFF	0	-1.60747180543265	finite	correct	finite	0.26	6
#FFFFFF	0	-1.57504356763289	infinite	correct	infinite	0.0600000000000001	6
#FFFFFF	0	-1.56747180543265	finite	correct	finite	0.3	6
#FFFFFF	0	-1.53504356763289	infinite	correct	infinite	0.1	6
#FFFFFF	0	-1.52747180543265	finite	correct	finite	0.34	6
#FFFFFF	0	-1.49504356763289	infinite	correct	infinite	0.14	6
#FFFFFF	0	-1.48747180543265	finite	correct	finite	0.38	6
#FFFFFF	0	-1.45504356763289	infinite	correct	infinite	0.18	6
#FFFFFF	0	-1.44747180543265	finite	correct	finite	0.42	6
#FFFFFF	0	-1.41504356763289	infinite	correct	infinite	0.22	6
#FFFFFF	0	-1.40747180543265	finite	correct	finite	0.46	6
#FFFFFF	0	-1.37504356763289	infinite	correct	infinite	0.26	6
#FFFFFF	0	-1.36747180543265	finite	correct	finite	0.5	6
#FFFFFF	0	-1.33504356763289	infinite	correct	infinite	0.3	6
#FFFFFF	0	-1.32747180543265	finite	correct	finite	0.54	6
#FFFFFF	0	-1.29504356763289	infinite	correct	infinite	0.34	6
#FFFFFF	0	-1.28747180543265	finite	correct	finite	0.58	6
#FFFFFF	0	-1.25504356763289	infinite	correct	infinite	0.38	6
#FFFFFF	0	-1.24747180543265	finite	correct	finite	0.62	6
#FFFFFF	0	-1.21504356763289	infinite	correct	infinite	0.42	6
#FFFFFF	0	-1.20747180543265	finite	correct	finite	0.66	6
#FFFFFF	0	-1.17504356763289	infinite	correct	infinite	0.46	6
#FFFFFF	0	-1.16747180543265	finite	correct	finite	0.7	6
#FFFFFF	0	-1.13504356763289	infinite	correct	infinite	0.5	6
#FFFFFF	0	-1.12747180543265	finite	correct	finite	0.74	6
#FFFFFF	0	-1.09504356763289	infinite	correct	infinite	0.54	6
#FFFFFF	0	-1.08747180543265	finite	correct	finite	0.78	6
#FFFFFF	0	-1.05504356763289	infinite	correct	infinite	0.58	6
#FFFFFF	0	-1.04747180543265	finite	correct	finite	0.82	6
#FFFFFF	0	-1.01504356763289	infinite	correct	infinite	0.62	6
#FFFFFF	0	-1.00747180543265	finite	correct	finite	0.86	6
#FFFFFF	0	-0.975043567632889	infinite	correct	infinite	0.66	6
#FFFFFF	0	-0.967471805432652	finite	correct	finite	0.9	6
#FFFFFF	0	-0.935043567632889	infinite	correct	infinite	0.7	6
#FFFFFF	0	-0.927471805432652	finite	correct	finite	0.94	6
#FFFFFF	0	-0.895043567632889	infinite	correct	infinite	0.74	6
#FFFFFF	0	-0.887471805432652	finite	correct	finite	0.98	6
#FFFFFF	0	-0.855043567632889	infinite	correct	infinite	0.78	6
#FFFFFF	0	-0.847471805432652	finite	correct	finite	1.02	6
#FFFFFF	0	-0.815043567632889	infinite	correct	infinite	0.82	6
#FFFFFF	0	-0.807471805432652	finite	correct	finite	1.06	6
#FFFFFF	0	-0.775043567632889	infinite	correct	infinite	0.86	6
#FFFFFF	0	-0.767471805432652	finite	correct	finite	1.1	6
#FFFFFF	0	-0.735043567632889	infinite	correct	infinite	0.9	6
#FFFFFF	0	-0.727471805432652	finite	correct	finite	1.14	6
#FFFFFF	0	-0.695043567632889	infinite	correct	infinite	0.94	6
#FFFFFF	0	-0.687471805432652	finite	correct	finite	1.18	6
#FFFFFF	0	-0.655043567632889	infinite	correct	infinite	0.98	6
#FFFFFF	0	-0.647471805432652	finite	correct	finite	1.22	6
#FFFFFF	0	-0.615043567632889	infinite	correct	infinite	1.02	6
#FFFFFF	0	-0.607471805432652	finite	correct	finite	1.26	6
#FFFFFF	0	-0.575043567632889	infinite	correct	infinite	1.06	6
#FFFFFF	0	-0.567471805432652	finite	correct	finite	1.3	6
#FFFFFF	0	-0.535043567632889	infinite	correct	infinite	1.1	6
#FFFFFF	0	-0.527471805432652	finite	correct	finite	1.34	6
#FFFFFF	0	-0.495043567632889	infinite	correct	infinite	1.14	6
#FFFFFF	0	-0.487471805432652	finite	correct	finite	1.38	6
#FFFFFF	0	-0.455043567632889	infinite	correct	infinite	1.18	6
#FFFFFF	0	-0.447471805432652	finite	correct	finite	1.42	6
#FFFFFF	0	-0.415043567632889	infinite	correct	infinite	1.22	6
#FFFFFF	0	-0.407471805432652	finite	correct	finite	1.46	6
#FFFFFF	0	-0.375043567632889	infinite	correct	infinite	1.26	6
#FFFFFF	0	-0.367471805432652	finite	correct	finite	1.5	6
#FFFFFF	0	-0.335043567632889	infinite	correct	infinite	1.3	6
#FFFFFF	0	-0.327471805432652	finite	correct	finite	1.54	6
#FFFFFF	0	-0.295043567632889	infinite	correct	infinite	1.34	6
#FFFFFF	0	-0.287471805432652	finite	correct	finite	1.58	6
#FFFFFF	0	-0.255043567632889	infinite	correct	infinite	1.38	6
#FFFFFF	0	-0.247471805432652	finite	correct	finite	1.62	6
#FFFFFF	0	-0.215043567632889	infinite	correct	infinite	1.42	6
#FFFFFF	0	-0.207471805432652	finite	correct	finite	1.66	6
#FFFFFF	0	-0.175043567632889	infinite	correct	infinite	1.46	6
#FFFFFF	0	-0.167471805432652	finite	correct	finite	1.7	6
#FFFFFF	0	-0.135043567632889	infinite	correct	infinite	1.5	6
#FFFFFF	0	-0.127471805432652	finite	correct	finite	1.74	6
#FFFFFF	0	-0.0950435676328889	infinite	correct	infinite	1.54	6
#FFFFFF	0	-0.0874718054326524	finite	correct	finite	1.78	6
#FFFFFF	0	-0.0550435676328889	infinite	correct	infinite	1.58	6
#FFFFFF	0	-0.0474718054326524	finite	correct	finite	1.82	6
#FFFFFF	0	-0.0150435676328888	infinite	correct	infinite	1.62	6
#FFFFFF	0	-0.00747180543265236	finite	correct	finite	1.86	6
#FFFFFF	0	0.0249564323671112	infinite	correct	infinite	1.66	6
#FFFFFF	0	0.0325281945673477	finite	correct	finite	1.9	6
#FFFFFF	0	0.0649564323671112	infinite	correct	infinite	1.7	6
#FFFFFF	0	0.0725281945673477	finite	correct	finite	1.94	6
#FFFFFF	0	0.104956432367111	infinite	correct	infinite	1.74	6
#FFFFFF	0	0.112528194567348	finite	correct	finite	1.98	6
#FFFFFF	0	0.144956432367111	infinite	correct	infinite	1.78	6
#FFFFFF	0	0.184956432367111	infinite	correct	infinite	1.82	6
#FFFFFF	0	0.224956432367111	infinite	correct	infinite	1.86	6
#FFFFFF	0	0.264956432367111	infinite	correct	infinite	1.9	6
#FFFFFF	0	0.304956432367111	infinite	correct	infinite	1.94	6
#FFFFFF	0	0.344956432367111	infinite	correct	infinite	1.98	6
#FFFFFF	0	-1.06356727267594	infinite	correct	infinite	-2.1	7
#FFFFFF	0	-1.02356727267594	infinite	correct	infinite	-2.06	7
#FFFFFF	0	-0.983567272675942	infinite	correct	infinite	-2.02	7
#FFFFFF	0	-0.943567272675942	infinite	correct	infinite	-1.98	7
#FFFFFF	0	-0.903567272675943	infinite	correct	infinite	-1.94	7
#FFFFFF	0	-0.863567272675942	infinite	correct	infinite	-1.9	7
#FFFFFF	0	-0.823567272675943	infinite	correct	infinite	-1.86	7
#FFFFFF	0	-0.783567272675942	infinite	correct	infinite	-1.82	7
#FFFFFF	0	-0.743567272675942	infinite	correct	infinite	-1.78	7
#FFFFFF	0	-0.703567272675943	infinite	correct	infinite	-1.74	7
#FFFFFF	0	-0.663567272675943	infinite	correct	infinite	-1.7	7
#FFFFFF	0	-0.623567272675943	infinite	correct	infinite	-1.66	7
#FFFFFF	0	-0.583567272675943	infinite	correct	infinite	-1.62	7
#FFFFFF	0	-0.543567272675942	infinite	correct	infinite	-1.58	7
#FFFFFF	0	-0.503567272675942	infinite	correct	infinite	-1.54	7
#FFFFFF	0	-0.463567272675942	infinite	correct	infinite	-1.5	7
#FFFFFF	0	-0.441313370696244	finite	correct	finite	-2.1	7
#FFFFFF	0	-0.423567272675942	infinite	correct	infinite	-1.46	7
#FFFFFF	0	-0.401313370696244	finite	correct	finite	-2.06	7
#FFFFFF	0	-0.383567272675942	infinite	correct	infinite	-1.42	7
#FFFFFF	0	-0.361313370696243	finite	correct	finite	-2.02	7
#FFFFFF	0	-0.343567272675942	infinite	correct	infinite	-1.38	7
#FFFFFF	0	-0.321313370696243	finite	correct	finite	-1.98	7
#FFFFFF	0	-0.303567272675942	infinite	correct	infinite	-1.34	7
#FFFFFF	0	-0.281313370696244	finite	correct	finite	-1.94	7
#FFFFFF	0	-0.263567272675942	infinite	correct	infinite	-1.3	7
#FFFFFF	0	-0.241313370696244	finite	correct	finite	-1.9	7
#FFFFFF	0	-0.223567272675943	infinite	correct	infinite	-1.26	7
#FFFFFF	0	-0.201313370696244	finite	correct	finite	-1.86	7
#FFFFFF	0	-0.183567272675943	infinite	correct	infinite	-1.22	7
#FFFFFF	0	-0.161313370696244	finite	correct	finite	-1.82	7
#FFFFFF	0	-0.143567272675943	infinite	correct	infinite	-1.18	7
#FFFFFF	0	-0.121313370696243	finite	correct	finite	-1.78	7
#FFFFFF	0	-0.103567272675942	infinite	correct	infinite	-1.14	7
#FFFFFF	0	-0.0813133706962437	finite	correct	finite	-1.74	7
#FFFFFF	0	-0.0635672726759424	infinite	correct	infinite	-1.1	7
#FFFFFF	0	-0.0413133706962436	finite	correct	finite	-1.7	7
#FFFFFF	0	-0.0235672726759424	infinite	correct	infinite	-1.06	7
#FFFFFF	0	-0.0013133706962436	finite	correct	finite	-1.66	7
#FFFFFF	0	0.0164327273240577	infinite	correct	infinite	-1.02	7
#FFFFFF	0	0.0386866293037564	finite	correct	finite	-1.62	7
#FFFFFF	0	0.0564327273240577	infinite	correct	infinite	-0.98	7
#FFFFFF	0	0.0786866293037565	finite	correct	finite	-1.58	7
#FFFFFF	0	0.0964327273240575	infinite	correct	infinite	-0.94	7
#FFFFFF	0	0.118686629303757	finite	correct	finite	-1.54	7
#FFFFFF	0	0.136432727324058	infinite	correct	infinite	-0.9	7
#FFFFFF	0	0.158686629303757	finite	correct	finite	-1.5	7
#FFFFFF	0	0.176432727324058	infinite	correct	infinite	-0.86	7
#FFFFFF	0	0.198686629303757	finite	correct	finite	-1.46	7
#FFFFFF	0	0.216432727324058	infinite	correct	infinite	-0.82	7
#FFFFFF	0	0.238686629303757	finite	correct	finite	-1.42	7
#FFFFFF	0	0.256432727324058	infinite	correct	infinite	-0.78	7
#FFFFFF	0	0.278686629303756	finite	correct	finite	-1.38	7
#FFFFFF	0	0.296432727324058	infinite	correct	infinite	-0.74	7
#FFFFFF	0	0.318686629303756	finite	correct	finite	-1.34	7
#FFFFFF	0	0.336432727324058	infinite	correct	infinite	-0.7	7
#FFFFFF	0	0.358686629303757	finite	correct	finite	-1.3	7
#FFFFFF	0	0.376432727324058	infinite	correct	infinite	-0.66	7
#FFFFFF	0	0.398686629303756	finite	correct	finite	-1.26	7
#FFFFFF	0	0.416432727324058	infinite	correct	infinite	-0.62	7
#FFFFFF	0	0.438686629303756	finite	correct	finite	-1.22	7
#FFFFFF	0	0.456432727324058	infinite	correct	infinite	-0.58	7
#FFFFFF	0	0.478686629303756	finite	correct	finite	-1.18	7
#FFFFFF	0	0.496432727324058	infinite	correct	infinite	-0.54	7
#FFFFFF	0	0.518686629303756	finite	correct	finite	-1.14	7
#FFFFFF	0	0.536432727324058	infinite	correct	infinite	-0.5	7
#FFFFFF	0	0.558686629303757	finite	correct	finite	-1.1	7
#FFFFFF	0	0.576432727324058	infinite	correct	infinite	-0.46	7
#FFFFFF	0	0.598686629303757	finite	correct	finite	-1.06	7
#FFFFFF	0	0.616432727324058	infinite	correct	infinite	-0.42	7
#FFFFFF	0	0.638686629303757	finite	correct	finite	-1.02	7
#FFFFFF	0	0.656432727324058	infinite	correct	infinite	-0.38	7
#FFFFFF	0	0.678686629303757	finite	correct	finite	-0.98	7
#FFFFFF	0	0.696432727324058	infinite	correct	infinite	-0.34	7
#FFFFFF	0	0.718686629303756	finite	correct	finite	-0.94	7
#FFFFFF	0	0.736432727324058	infinite	correct	infinite	-0.3	7
#FFFFFF	0	0.758686629303757	finite	correct	finite	-0.9	7
#FFFFFF	0	0.776432727324058	infinite	correct	infinite	-0.26	7
#FFFFFF	0	0.798686629303757	finite	correct	finite	-0.86	7
#FFFFFF	0	0.816432727324058	infinite	correct	infinite	-0.22	7
#FFFFFF	0	0.838686629303757	finite	correct	finite	-0.82	7
#FFFFFF	0	0.856432727324058	infinite	correct	infinite	-0.18	7
#FFFFFF	0	0.878686629303757	finite	correct	finite	-0.78	7
#FFFFFF	0	0.896432727324058	infinite	correct	infinite	-0.14	7
#FFFFFF	0	0.918686629303757	finite	correct	finite	-0.74	7
#FFFFFF	0	0.936432727324058	infinite	correct	infinite	-0.1	7
#FFFFFF	0	0.958686629303757	finite	correct	finite	-0.7	7
#FFFFFF	0	0.976432727324058	infinite	correct	infinite	-0.0600000000000001	7
#FFFFFF	0	0.998686629303756	finite	correct	finite	-0.66	7
#FFFFFF	0	1.01643272732406	infinite	correct	infinite	-0.02	7
#FFFFFF	0	1.03868662930376	finite	correct	finite	-0.62	7
#FFFFFF	0	1.05643272732406	infinite	correct	infinite	0.02	7
#FFFFFF	0	1.07868662930376	finite	correct	finite	-0.58	7
#FFFFFF	0	1.09643272732406	infinite	correct	infinite	0.0600000000000001	7
#FFFFFF	0	1.11868662930376	finite	correct	finite	-0.54	7
#FFFFFF	0	1.13643272732406	infinite	correct	infinite	0.1	7
#000000	1	1.13643272732406	infinite	error	infinite	0.1	7
#000000	1	1.15868662930376	finite	error	finite	-0.5	7
#000000	1	1.17643272732406	infinite	error	infinite	0.14	7
#000000	1	1.19868662930376	finite	error	finite	-0.46	7
#000000	1	1.21643272732406	infinite	error	infinite	0.18	7
#000000	1	1.23868662930376	finite	error	finite	-0.42	7
#000000	1	1.25643272732406	infinite	error	infinite	0.22	7
#000000	1	1.27868662930376	finite	error	finite	-0.38	7
#000000	1	1.29643272732406	infinite	error	infinite	0.26	7
#000000	1	1.31868662930376	finite	error	finite	-0.34	7
#000000	1	1.33643272732406	infinite	error	infinite	0.3	7
#000000	1	1.35868662930376	finite	error	finite	-0.3	7
#000000	1	1.37643272732406	infinite	error	infinite	0.34	7
#FFFFFF	0	1.39868662930376	finite	correct	finite	-0.26	7
#FFFFFF	0	1.41643272732406	infinite	correct	infinite	0.38	7
#FFFFFF	0	1.43868662930376	finite	correct	finite	-0.22	7
#FFFFFF	0	1.45643272732406	infinite	correct	infinite	0.42	7
#FFFFFF	0	1.47868662930376	finite	correct	finite	-0.18	7
#FFFFFF	0	1.49643272732406	infinite	correct	infinite	0.46	7
#FFFFFF	0	1.51868662930376	finite	correct	finite	-0.14	7
#FFFFFF	0	1.53643272732406	infinite	correct	infinite	0.5	7
#FFFFFF	0	1.55868662930376	finite	correct	finite	-0.1	7
#FFFFFF	0	1.57643272732406	infinite	correct	infinite	0.54	7
#FFFFFF	0	1.59868662930376	finite	correct	finite	-0.0600000000000001	7
#FFFFFF	0	1.61643272732406	infinite	correct	infinite	0.58	7
#FFFFFF	0	1.63868662930376	finite	correct	finite	-0.02	7
#FFFFFF	0	1.65643272732406	infinite	correct	infinite	0.62	7
#FFFFFF	0	1.67868662930376	finite	correct	finite	0.02	7
#FFFFFF	0	1.69643272732406	infinite	correct	infinite	0.66	7
#FFFFFF	0	1.71868662930376	finite	correct	finite	0.0600000000000001	7
#FFFFFF	0	1.73643272732406	infinite	correct	infinite	0.7	7
#FFFFFF	0	1.75868662930376	finite	correct	finite	0.1	7
#FFFFFF	0	1.77643272732406	infinite	correct	infinite	0.74	7
#FFFFFF	0	1.79868662930376	finite	correct	finite	0.14	7
#FFFFFF	0	1.81643272732406	infinite	correct	infinite	0.78	7
#FFFFFF	0	1.83868662930376	finite	correct	finite	0.18	7
#FFFFFF	0	1.85643272732406	infinite	correct	infinite	0.82	7
#FFFFFF	0	1.87868662930376	finite	correct	finite	0.22	7
#FFFFFF	0	1.89643272732406	infinite	correct	infinite	0.86	7
#FFFFFF	0	1.91868662930376	finite	correct	finite	0.26	7
#000000	1	1.93643272732406	infinite	error	infinite	0.9	7
#000000	1	1.95868662930376	finite	error	finite	0.3	7
#000000	1	1.97643272732406	infinite	error	infinite	0.94	7
#000000	1	1.99868662930376	finite	error	finite	0.34	7
#000000	1	2.01643272732406	infinite	error	infinite	0.98	7
#000000	1	2.03868662930376	finite	error	finite	0.38	7
#000000	1	2.05643272732406	infinite	error	infinite	1.02	7
#000000	1	2.07868662930376	finite	error	finite	0.42	7
#000000	1	2.09643272732406	infinite	error	infinite	1.06	7
#000000	1	2.11868662930376	finite	error	finite	0.46	7
#000000	1	2.13643272732406	infinite	error	infinite	1.1	7
#000000	1	2.15868662930376	finite	error	finite	0.5	7
#000000	1	2.17643272732406	infinite	error	infinite	1.14	7
#000000	1	2.19868662930376	finite	error	finite	0.54	7
#000000	1	2.21643272732406	infinite	error	infinite	1.18	7
#000000	1	2.23868662930376	finite	error	finite	0.58	7
#000000	1	2.25643272732406	infinite	error	infinite	1.22	7
#000000	1	2.27868662930376	finite	error	finite	0.62	7
#000000	1	2.29643272732406	infinite	error	infinite	1.26	7
#000000	1	2.31868662930376	finite	error	finite	0.66	7
#000000	1	2.33643272732406	infinite	error	infinite	1.3	7
#000000	1	2.35868662930376	finite	error	finite	0.7	7
#000000	1	2.37643272732406	infinite	error	infinite	1.34	7
#000000	1	2.39868662930376	finite	error	finite	0.74	7
#000000	1	2.41643272732406	infinite	error	infinite	1.38	7
#000000	1	2.43868662930376	finite	error	finite	0.78	7
#000000	1	2.45643272732406	infinite	error	infinite	1.42	7
#000000	1	2.47868662930376	finite	error	finite	0.82	7
#000000	1	2.49643272732406	infinite	error	infinite	1.46	7
#000000	1	2.51868662930376	finite	error	finite	0.86	7
#000000	1	2.53643272732406	infinite	error	infinite	1.5	7
#000000	1	2.55868662930376	finite	error	finite	0.9	7
#000000	1	2.57643272732406	infinite	error	infinite	1.54	7
#000000	1	2.59868662930376	finite	error	finite	0.94	7
#000000	1	2.61643272732406	infinite	error	infinite	1.58	7
#000000	1	2.63868662930376	finite	error	finite	0.98	7
#000000	1	2.65643272732406	infinite	error	infinite	1.62	7
#000000	1	2.67868662930376	finite	error	finite	1.02	7
#000000	1	2.69643272732406	infinite	error	infinite	1.66	7
#000000	1	2.71868662930376	finite	error	finite	1.06	7
#000000	1	2.73643272732406	infinite	error	infinite	1.7	7
#000000	1	2.75868662930376	finite	error	finite	1.1	7
#000000	1	2.77643272732406	infinite	error	infinite	1.74	7
#000000	1	2.79868662930376	finite	error	finite	1.14	7
#000000	1	2.81643272732406	infinite	error	infinite	1.78	7
#000000	1	2.83868662930376	finite	error	finite	1.18	7
#000000	1	2.85643272732406	infinite	error	infinite	1.82	7
#000000	1	2.87868662930376	finite	error	finite	1.22	7
#000000	1	2.89643272732406	infinite	error	infinite	1.86	7
#000000	1	2.91868662930376	finite	error	finite	1.26	7
#000000	1	2.93643272732406	infinite	error	infinite	1.9	7
#000000	1	2.95868662930376	finite	error	finite	1.3	7
#000000	1	2.97643272732406	infinite	error	infinite	1.94	7
#000000	1	2.99868662930376	finite	error	finite	1.34	7
#000000	1	3.01643272732406	infinite	error	infinite	1.98	7
#000000	1	3.03868662930376	finite	error	finite	1.38	7
#000000	1	3.07868662930376	finite	error	finite	1.42	7
#000000	1	3.11868662930376	finite	error	finite	1.46	7
#000000	1	3.15868662930376	finite	error	finite	1.5	7
#000000	1	3.19868662930376	finite	error	finite	1.54	7
#000000	1	3.23868662930376	finite	error	finite	1.58	7
#000000	1	3.27868662930376	finite	error	finite	1.62	7
#000000	1	3.31868662930376	finite	error	finite	1.66	7
#000000	1	3.35868662930376	finite	error	finite	1.7	7
#000000	1	3.39868662930376	finite	error	finite	1.74	7
#000000	1	3.43868662930376	finite	error	finite	1.78	7
#000000	1	3.47868662930376	finite	error	finite	1.82	7
#000000	1	3.51868662930376	finite	error	finite	1.86	7
#000000	1	3.55868662930376	finite	error	finite	1.9	7
#000000	1	3.59868662930376	finite	error	finite	1.94	7
#000000	1	3.63868662930376	finite	error	finite	1.98	7
#FFFFFF	0	-3.40578371477536	infinite	correct	infinite	-2.1	8
#FFFFFF	0	-3.36578371477536	infinite	correct	infinite	-2.06	8
#FFFFFF	0	-3.32578371477536	infinite	correct	infinite	-2.02	8
#FFFFFF	0	-3.28578371477536	infinite	correct	infinite	-1.98	8
#FFFFFF	0	-3.24578371477536	infinite	correct	infinite	-1.94	8
#FFFFFF	0	-3.20578371477536	infinite	correct	infinite	-1.9	8
#FFFFFF	0	-3.16578371477536	infinite	correct	infinite	-1.86	8
#FFFFFF	0	-3.12578371477536	infinite	correct	infinite	-1.82	8
#FFFFFF	0	-3.08578371477536	infinite	correct	infinite	-1.78	8
#FFFFFF	0	-3.04578371477536	infinite	correct	infinite	-1.74	8
#FFFFFF	0	-3.00578371477536	infinite	correct	infinite	-1.7	8
#FFFFFF	0	-2.96578371477536	infinite	correct	infinite	-1.66	8
#FFFFFF	0	-2.92578371477536	infinite	correct	infinite	-1.62	8
#FFFFFF	0	-2.88578371477536	infinite	correct	infinite	-1.58	8
#FFFFFF	0	-2.84578371477536	infinite	correct	infinite	-1.54	8
#FFFFFF	0	-2.80578371477536	infinite	correct	infinite	-1.5	8
#FFFFFF	0	-2.76578371477536	infinite	correct	infinite	-1.46	8
#FFFFFF	0	-2.72578371477536	infinite	correct	infinite	-1.42	8
#FFFFFF	0	-2.68578371477536	infinite	correct	infinite	-1.38	8
#FFFFFF	0	-2.66466670881222	finite	correct	finite	-2.1	8
#FFFFFF	0	-2.64578371477536	infinite	correct	infinite	-1.34	8
#FFFFFF	0	-2.62466670881222	finite	correct	finite	-2.06	8
#FFFFFF	0	-2.60578371477536	infinite	correct	infinite	-1.3	8
#FFFFFF	0	-2.58466670881222	finite	correct	finite	-2.02	8
#FFFFFF	0	-2.56578371477536	infinite	correct	infinite	-1.26	8
#FFFFFF	0	-2.54466670881222	finite	correct	finite	-1.98	8
#FFFFFF	0	-2.52578371477536	infinite	correct	infinite	-1.22	8
#FFFFFF	0	-2.50466670881222	finite	correct	finite	-1.94	8
#FFFFFF	0	-2.48578371477536	infinite	correct	infinite	-1.18	8
#FFFFFF	0	-2.46466670881222	finite	correct	finite	-1.9	8
#FFFFFF	0	-2.44578371477536	infinite	correct	infinite	-1.14	8
#FFFFFF	0	-2.42466670881222	finite	correct	finite	-1.86	8
#FFFFFF	0	-2.40578371477536	infinite	correct	infinite	-1.1	8
#FFFFFF	0	-2.38466670881222	finite	correct	finite	-1.82	8
#FFFFFF	0	-2.36578371477536	infinite	correct	infinite	-1.06	8
#FFFFFF	0	-2.34466670881222	finite	correct	finite	-1.78	8
#FFFFFF	0	-2.32578371477536	infinite	correct	infinite	-1.02	8
#FFFFFF	0	-2.30466670881222	finite	correct	finite	-1.74	8
#FFFFFF	0	-2.28578371477536	infinite	correct	infinite	-0.98	8
#FFFFFF	0	-2.26466670881222	finite	correct	finite	-1.7	8
#FFFFFF	0	-2.24578371477536	infinite	correct	infinite	-0.94	8
#FFFFFF	0	-2.22466670881222	finite	correct	finite	-1.66	8
#FFFFFF	0	-2.20578371477536	infinite	correct	infinite	-0.9	8
#FFFFFF	0	-2.18466670881222	finite	correct	finite	-1.62	8
#FFFFFF	0	-2.16578371477536	infinite	correct	infinite	-0.86	8
#FFFFFF	0	-2.14466670881222	finite	correct	finite	-1.58	8
#FFFFFF	0	-2.12578371477536	infinite	correct	infinite	-0.82	8
#FFFFFF	0	-2.10466670881222	finite	correct	finite	-1.54	8
#FFFFFF	0	-2.08578371477536	infinite	correct	infinite	-0.78	8
#FFFFFF	0	-2.06466670881222	finite	correct	finite	-1.5	8
#FFFFFF	0	-2.04578371477536	infinite	correct	infinite	-0.74	8
#FFFFFF	0	-2.02466670881222	finite	correct	finite	-1.46	8
#FFFFFF	0	-2.00578371477536	infinite	correct	infinite	-0.7	8
#FFFFFF	0	-1.98466670881222	finite	correct	finite	-1.42	8
#FFFFFF	0	-1.96578371477536	infinite	correct	infinite	-0.66	8
#FFFFFF	0	-1.94466670881222	finite	correct	finite	-1.38	8
#FFFFFF	0	-1.92578371477536	infinite	correct	infinite	-0.62	8
#FFFFFF	0	-1.90466670881222	finite	correct	finite	-1.34	8
#FFFFFF	0	-1.88578371477536	infinite	correct	infinite	-0.58	8
#FFFFFF	0	-1.86466670881222	finite	correct	finite	-1.3	8
#FFFFFF	0	-1.84578371477536	infinite	correct	infinite	-0.54	8
#FFFFFF	0	-1.82466670881222	finite	correct	finite	-1.26	8
#FFFFFF	0	-1.80578371477536	infinite	correct	infinite	-0.5	8
#FFFFFF	0	-1.78466670881222	finite	correct	finite	-1.22	8
#FFFFFF	0	-1.76578371477536	infinite	correct	infinite	-0.46	8
#FFFFFF	0	-1.74466670881222	finite	correct	finite	-1.18	8
#FFFFFF	0	-1.72578371477536	infinite	correct	infinite	-0.42	8
#FFFFFF	0	-1.70466670881222	finite	correct	finite	-1.14	8
#FFFFFF	0	-1.68578371477536	infinite	correct	infinite	-0.38	8
#FFFFFF	0	-1.66466670881222	finite	correct	finite	-1.1	8
#FFFFFF	0	-1.64578371477536	infinite	correct	infinite	-0.34	8
#FFFFFF	0	-1.62466670881222	finite	correct	finite	-1.06	8
#FFFFFF	0	-1.60578371477536	infinite	correct	infinite	-0.3	8
#FFFFFF	0	-1.58466670881222	finite	correct	finite	-1.02	8
#FFFFFF	0	-1.56578371477536	infinite	correct	infinite	-0.26	8
#FFFFFF	0	-1.54466670881222	finite	correct	finite	-0.98	8
#FFFFFF	0	-1.52578371477536	infinite	correct	infinite	-0.22	8
#FFFFFF	0	-1.50466670881222	finite	correct	finite	-0.94	8
#FFFFFF	0	-1.48578371477536	infinite	correct	infinite	-0.18	8
#FFFFFF	0	-1.46466670881222	finite	correct	finite	-0.9	8
#FFFFFF	0	-1.44578371477536	infinite	correct	infinite	-0.14	8
#FFFFFF	0	-1.42466670881222	finite	correct	finite	-0.86	8
#FFFFFF	0	-1.40578371477536	infinite	correct	infinite	-0.1	8
#FFFFFF	0	-1.38466670881222	finite	correct	finite	-0.82	8
#FFFFFF	0	-1.36578371477536	infinite	correct	infinite	-0.0600000000000001	8
#FFFFFF	0	-1.34466670881222	finite	correct	finite	-0.78	8
#FFFFFF	0	-1.32578371477536	infinite	correct	infinite	-0.02	8
#FFFFFF	0	-1.30466670881222	finite	correct	finite	-0.74	8
#FFFFFF	0	-1.28578371477536	infinite	correct	infinite	0.02	8
#FFFFFF	0	-1.26466670881222	finite	correct	finite	-0.7	8
#FFFFFF	0	-1.24578371477536	infinite	correct	infinite	0.0600000000000001	8
#FFFFFF	0	-1.22466670881222	finite	correct	finite	-0.66	8
#FFFFFF	0	-1.20578371477536	infinite	correct	infinite	0.1	8
#000000	1	-1.20578371477536	infinite	error	infinite	0.1	8
#000000	1	-1.18466670881222	finite	error	finite	-0.62	8
#000000	1	-1.16578371477536	infinite	error	infinite	0.14	8
#000000	1	-1.14466670881222	finite	error	finite	-0.58	8
#000000	1	-1.12578371477536	infinite	error	infinite	0.18	8
#000000	1	-1.10466670881222	finite	error	finite	-0.54	8
#000000	1	-1.08578371477536	infinite	error	infinite	0.22	8
#000000	1	-1.06466670881222	finite	error	finite	-0.5	8
#000000	1	-1.04578371477536	infinite	error	infinite	0.26	8
#000000	1	-1.02466670881222	finite	error	finite	-0.46	8
#000000	1	-1.00578371477536	infinite	error	infinite	0.3	8
#000000	1	-0.98466670881222	finite	error	finite	-0.42	8
#000000	1	-0.965783714775361	infinite	error	infinite	0.34	8
#000000	1	-0.94466670881222	finite	error	finite	-0.38	8
#000000	1	-0.925783714775361	infinite	error	infinite	0.38	8
#000000	1	-0.90466670881222	finite	error	finite	-0.34	8
#000000	1	-0.885783714775361	infinite	error	infinite	0.42	8
#000000	1	-0.86466670881222	finite	error	finite	-0.3	8
#000000	1	-0.845783714775361	infinite	error	infinite	0.46	8
#000000	1	-0.82466670881222	finite	error	finite	-0.26	8
#000000	1	-0.80578371477536	infinite	error	infinite	0.5	8
#000000	1	-0.78466670881222	finite	error	finite	-0.22	8
#000000	1	-0.76578371477536	infinite	error	infinite	0.54	8
#000000	1	-0.74466670881222	finite	error	finite	-0.18	8
#000000	1	-0.72578371477536	infinite	error	infinite	0.58	8
#000000	1	-0.70466670881222	finite	error	finite	-0.14	8
#FFFFFF	0	-0.68578371477536	infinite	correct	infinite	0.62	8
#FFFFFF	0	-0.66466670881222	finite	correct	finite	-0.1	8
#FFFFFF	0	-0.64578371477536	infinite	correct	infinite	0.66	8
#FFFFFF	0	-0.62466670881222	finite	correct	finite	-0.0600000000000001	8
#FFFFFF	0	-0.60578371477536	infinite	correct	infinite	0.7	8
#FFFFFF	0	-0.58466670881222	finite	correct	finite	-0.02	8
#FFFFFF	0	-0.565783714775361	infinite	correct	infinite	0.74	8
#FFFFFF	0	-0.54466670881222	finite	correct	finite	0.02	8
#FFFFFF	0	-0.525783714775361	infinite	correct	infinite	0.78	8
#FFFFFF	0	-0.50466670881222	finite	correct	finite	0.0600000000000001	8
#FFFFFF	0	-0.485783714775361	infinite	correct	infinite	0.82	8
#FFFFFF	0	-0.46466670881222	finite	correct	finite	0.1	8
#FFFFFF	0	-0.44578371477536	infinite	correct	infinite	0.86	8
#000000	1	-0.42466670881222	finite	error	finite	0.14	8
#000000	1	-0.40578371477536	infinite	error	infinite	0.9	8
#000000	1	-0.38466670881222	finite	error	finite	0.18	8
#000000	1	-0.36578371477536	infinite	error	infinite	0.94	8
#000000	1	-0.34466670881222	finite	error	finite	0.22	8
#000000	1	-0.32578371477536	infinite	error	infinite	0.98	8
#000000	1	-0.30466670881222	finite	error	finite	0.26	8
#000000	1	-0.28578371477536	infinite	error	infinite	1.02	8
#000000	1	-0.26466670881222	finite	error	finite	0.3	8
#000000	1	-0.24578371477536	infinite	error	infinite	1.06	8
#000000	1	-0.22466670881222	finite	error	finite	0.34	8
#000000	1	-0.20578371477536	infinite	error	infinite	1.1	8
#000000	1	-0.18466670881222	finite	error	finite	0.38	8
#000000	1	-0.16578371477536	infinite	error	infinite	1.14	8
#000000	1	-0.14466670881222	finite	error	finite	0.42	8
#000000	1	-0.12578371477536	infinite	error	infinite	1.18	8
#000000	1	-0.10466670881222	finite	error	finite	0.46	8
#000000	1	-0.0857837147753602	infinite	error	infinite	1.22	8
#000000	1	-0.0646667088122201	finite	error	finite	0.5	8
#000000	1	-0.0457837147753606	infinite	error	infinite	1.26	8
#000000	1	-0.0246667088122201	finite	error	finite	0.54	8
#000000	1	-0.00578371477536055	infinite	error	infinite	1.3	8
#000000	1	0.0153332911877799	finite	error	finite	0.58	8
#000000	1	0.0342162852246395	infinite	error	infinite	1.34	8
#000000	1	0.05533329118778	finite	error	finite	0.62	8
#000000	1	0.0742162852246395	infinite	error	infinite	1.38	8
#000000	1	0.09533329118778	finite	error	finite	0.66	8
#000000	1	0.11421628522464	infinite	error	infinite	1.42	8
#000000	1	0.13533329118778	finite	error	finite	0.7	8
#000000	1	0.15421628522464	infinite	error	infinite	1.46	8
#000000	1	0.17533329118778	finite	error	finite	0.74	8
#000000	1	0.19421628522464	infinite	error	infinite	1.5	8
#000000	1	0.21533329118778	finite	error	finite	0.78	8
#000000	1	0.23421628522464	infinite	error	infinite	1.54	8
#000000	1	0.25533329118778	finite	error	finite	0.82	8
#000000	1	0.27421628522464	infinite	error	infinite	1.58	8
#000000	1	0.29533329118778	finite	error	finite	0.86	8
#000000	1	0.31421628522464	infinite	error	infinite	1.62	8
#000000	1	0.33533329118778	finite	error	finite	0.9	8
#000000	1	0.35421628522464	infinite	error	infinite	1.66	8
#000000	1	0.37533329118778	finite	error	finite	0.94	8
#000000	1	0.39421628522464	infinite	error	infinite	1.7	8
#000000	1	0.41533329118778	finite	error	finite	0.98	8
#000000	1	0.434216285224639	infinite	error	infinite	1.74	8
#000000	1	0.45533329118778	finite	error	finite	1.02	8
#000000	1	0.47421628522464	infinite	error	infinite	1.78	8
#000000	1	0.49533329118778	finite	error	finite	1.06	8
#000000	1	0.51421628522464	infinite	error	infinite	1.82	8
#000000	1	0.53533329118778	finite	error	finite	1.1	8
#000000	1	0.55421628522464	infinite	error	infinite	1.86	8
#000000	1	0.57533329118778	finite	error	finite	1.14	8
#000000	1	0.59421628522464	infinite	error	infinite	1.9	8
#000000	1	0.61533329118778	finite	error	finite	1.18	8
#000000	1	0.63421628522464	infinite	error	infinite	1.94	8
#000000	1	0.65533329118778	finite	error	finite	1.22	8
#000000	1	0.67421628522464	infinite	error	infinite	1.98	8
#000000	1	0.69533329118778	finite	error	finite	1.26	8
#000000	1	0.73533329118778	finite	error	finite	1.3	8
#000000	1	0.77533329118778	finite	error	finite	1.34	8
#000000	1	0.81533329118778	finite	error	finite	1.38	8
#000000	1	0.85533329118778	finite	error	finite	1.42	8
#000000	1	0.89533329118778	finite	error	finite	1.46	8
#000000	1	0.93533329118778	finite	error	finite	1.5	8
#000000	1	0.97533329118778	finite	error	finite	1.54	8
#000000	1	1.01533329118778	finite	error	finite	1.58	8
#000000	1	1.05533329118778	finite	error	finite	1.62	8
#000000	1	1.09533329118778	finite	error	finite	1.66	8
#000000	1	1.13533329118778	finite	error	finite	1.7	8
#000000	1	1.17533329118778	finite	error	finite	1.74	8
#000000	1	1.21533329118778	finite	error	finite	1.78	8
#000000	1	1.25533329118778	finite	error	finite	1.82	8
#000000	1	1.29533329118778	finite	error	finite	1.86	8
#000000	1	1.33533329118778	finite	error	finite	1.9	8
#000000	1	1.37533329118778	finite	error	finite	1.94	8
#000000	1	1.41533329118778	finite	error	finite	1.98	8
